tool		ESBMC version 7.4.0 64-bit x86_64 linux	ESBMC version 7.4.0 64-bit x86_64 linux	ESBMC version 7.4.0 64-bit x86_64 linux	ESBMC version 7.4.0 64-bit x86_64 linux	AVR 	AVR 	AVR 	AVR 	ABC 1.01 (compiled Jun  7 2024 14:12:22)	ABC 1.01 (compiled Jun  7 2024 14:12:22)	ABC 1.01 (compiled Jun  7 2024 14:12:22)	ABC 1.01 (compiled Jun  7 2024 14:12:22)	AVR 	AVR 	CBMC 5.95.1 (n/a)	CBMC 5.95.1 (n/a)	ABC 1.01 (compiled Jun  7 2024 14:12:22)	ABC 1.01 (compiled Jun  7 2024 14:12:22)	CBMC 5.95.1 (n/a)	CBMC 5.95.1 (n/a)
run set		esbmc.kind.bv64	esbmc.kind.bv64	esbmc.bmc-5-boolector.bv64	esbmc.bmc-5-boolector.bv64	avr.kind.bv64	avr.kind.bv64	avr.pdr.bv64	avr.pdr.bv64	abc.pdr.bv64	abc.pdr.bv64	abc.imc.bv64	abc.imc.bv64	avr.bmc-boolector.bv64	avr.bmc-boolector.bv64	cbmc.bmc.bv64	cbmc.bmc.bv64	abc.bmc.bv64	abc.bmc.bv64	cbmc.kind.bv64	cbmc.kind.bv64
benchmarks/bv/		status	cputime (s)	status	cputime (s)	status	cputime (s)	status	cputime (s)	status	cputime (s)	status	cputime (s)	status	cputime (s)	status	cputime (s)	status	cputime (s)	status	cputime (s)
beem/train-gate.3.prop1-back-serstep.yml	false	false(unreach-call)	255.187469118	false(unreach-call)	116.34091195	false	81.095188933	ERROR	899.597498894	false	4.057665372	false	691.544161059	false	48.953549492	false(unreach-call)	63.968245912	false	28.440724755	false(unreach-call)	90.741324252
beem/firewire_tree.2.prop3-func-interl.yml	false	OUT OF MEMORY	46.100356944	OUT OF MEMORY	47.402584066	TIMEOUT	900.44466113	TIMEOUT	900.450529358	TIMEOUT	960.133686906	TIMEOUT	960.141258773	TIMEOUT	900.52997843	OUT OF MEMORY	625.801130226	false	612.361029139	OUT OF MEMORY	827.796880704
beem/brp2.6.prop1-func-interl.yml	false	TIMEOUT	960.253743456	TIMEOUT	960.290824902	TIMEOUT	900.10252943	TIMEOUT	900.461852876	TIMEOUT	960.160652819	TIMEOUT	960.132159105	TIMEOUT	900.253407477	TIMEOUT	960.304704915	TIMEOUT	960.121183758	TIMEOUT	960.301661914
goel-industry/cal123.yml	true	OUT OF MEMORY	46.86654048	OUT OF MEMORY	39.706771192	TIMEOUT	900.23664792	true	26.497604093	true	27.067767282	TIMEOUT	960.149104243	TIMEOUT	900.559804291	TIMEOUT	960.203595246	TIMEOUT	960.129487143	TIMEOUT	960.203268724
mann-data-integrity/arbitrated_top_n3_w8_d64_e0.yml	false	TIMEOUT	960.534669401	TIMEOUT	960.568751052	TIMEOUT	900.15800233	TIMEOUT	900.847426152	TIMEOUT	960.124833863	TIMEOUT	960.140185207	TIMEOUT	900.162375557	TIMEOUT	960.214714171	TIMEOUT	960.135525872	TIMEOUT	960.252906598
beem/driving_phils.5.prop1-back-serstep.yml	false	false(unreach-call)	19.309056491	false(unreach-call)	23.940392364	false	0.136834324	false	0.148609796	false	0.075195726	false	0.128896742	false	0.140465078	false(unreach-call)	1.700018792	false	0.050895608	false(unreach-call)	1.938946503
beem/peterson.5.prop1-func-interl.yml	false	false(unreach-call)	189.777251436	false(unreach-call)	67.077028774	TIMEOUT	900.010203068	TIMEOUT	900.588838146	false	1.457888839	TIMEOUT	960.167768306	ERROR	899.918690024	false(unreach-call)	25.641235562	false	326.988712314	false(unreach-call)	36.973367607
beem/lann.7.prop1-back-serstep.yml	false	false(unreach-call)	18.118729408	false(unreach-call)	15.10775243	false	0.416685829	TIMEOUT	900.221025013	false	0.108521864	false	1.796435096	false	0.89247092	false(unreach-call)	8.830219296	false	0.416973165	false(unreach-call)	11.741087338
goel-opensource/vcegar_QF_BV_itc99_b13_p20.yml	true	true	0.228261013	TIMEOUT	960.199672688	true	0.086917124	true	0.096081276	true	0.056505624	true	0.061294257	ERROR	0.5027271	OUT OF MEMORY	515.483083872	OUT OF MEMORY	18.990422096	true	0.609464644
goel-industry/cal203.yml	true	OUT OF MEMORY	51.232095852	OUT OF MEMORY	42.125569756	TIMEOUT	900.395279174	true	61.465975915	TIMEOUT	960.127689655	TIMEOUT	960.145844225	TIMEOUT	900.713402862	TIMEOUT	960.189636184	TIMEOUT	960.12530977	TIMEOUT	960.189175488
goel-industry/cal70.yml	true	OUT OF MEMORY	52.691388272	OUT OF MEMORY	53.478950054	true	0.995479537	true	1.031564519	true	0.364811027	true	0.902311962	OUT OF MEMORY	459.069548925	OUT OF MEMORY	704.78900265	TIMEOUT	960.132721069	true	77.621614972
beem/pgm_protocol.1.prop2-back-serstep.yml	true	OUT OF MEMORY	41.155730494	OUT OF MEMORY	44.686307281	ERROR	899.791538498	TIMEOUT	900.274811406	TIMEOUT	960.132177518	TIMEOUT	960.139680285	TIMEOUT	900.359314162	TIMEOUT	960.5156407	TIMEOUT	960.138381998	TIMEOUT	960.287213388
mann-data-integrity/arbitrated_top_n2_w16_d16_e0.yml	false	false(unreach-call)	56.843969592	false(unreach-call)	29.967881748	false	68.682883916	TIMEOUT	900.573310237	false	139.811287547	TIMEOUT	960.185935995	false	4.4319368	false(unreach-call)	25.046394111	false	17.273156809	false(unreach-call)	29.143168304
goel-opensource/vis_QF_BV_s1269b_p3.yml	true	true	0.245455401	TIMEOUT	960.218775658	true	0.082717635	true	0.102997063	true	0.055674844	true	0.053348848	ERROR	8.279342713	TIMEOUT	960.380458981	TIMEOUT	960.124721991	true	0.657220783
beem/at.2.prop1-func-interl.yml	false	false(unreach-call)	27.742133719	false(unreach-call)	16.595700691	false	1.257235404	false	43.96062943	false	0.557100155	false	4.282391233	false	2.360516047	false(unreach-call)	12.852111281	false	0.472907201	false(unreach-call)	18.149853666
beem/firewire_tree.1.prop1-back-serstep.yml	true	OUT OF MEMORY	50.984588914	OUT OF MEMORY	50.243810784	true	256.319274053	ERROR	899.980125925	true	475.400281301	true	266.473399034	TIMEOUT	900.841745042	TIMEOUT	960.522426233	TIMEOUT	960.138410432	true	475.827292443
goel-industry/cal74.yml	true	OUT OF MEMORY	51.155655424	OUT OF MEMORY	51.456491652	TIMEOUT	901.052783744	true	0.319862755	true	0.075945404	true	4.181990701	OUT OF MEMORY	383.964458874	OUT OF MEMORY	413.965580839	OUT OF MEMORY	46.768986316	OUT OF MEMORY	556.398696697
goel-opensource/vis_QF_BV_vlunc.yml	true	true	0.279741149	TIMEOUT	960.190325722	true	0.08078123	true	0.081487348	true	0.054840985	true	0.056628239	ERROR	16.781196322	TIMEOUT	960.438942774	TIMEOUT	909.228045036	true	0.769997989
fuzzbtor2/bv_debug_53.yml	true	true	0.1888557	true	0.187294189	ERROR	0.082020576	true	0.081276091					ERROR	0.384697369	true	0.920689914			true	0.247407646
goel-opensource/pj_icu.yml	true	true	5.885333855	TIMEOUT	960.239663927	true	0.120591496	true	0.129659004	true	0.087030534	true	0.091979236	ERROR	855.127099101	TIMEOUT	960.385260602	TIMEOUT	960.143215752	true	7.162345757
beem/lamport.5.prop1-back-serstep.yml	true	TIMEOUT	960.239237404	TIMEOUT	960.243163828	TIMEOUT	900.094803754	TIMEOUT	900.466571178	TIMEOUT	960.129827238	TIMEOUT	960.135342543	TIMEOUT	900.067335801	TIMEOUT	960.144924555	TIMEOUT	960.118713331	TIMEOUT	960.142886467
beem/elevator_planning.2.prop1-back-serstep.yml	false	false(unreach-call)	20.764423593	false(unreach-call)	13.916168393	false	0.404206686	false	38.25705895	false	0.257815487	false	0.907945638	false	0.867602242	false(unreach-call)	6.810342185	false	0.604572286	false(unreach-call)	10.317716778
beem/production_cell.6.prop1-back-serstep.yml	false	false(unreach-call)	24.440425934	false(unreach-call)	25.294779044	false	0.138917397	false	0.157186226	false	0.057363307	false	0.081823093	false	0.153876177	false(unreach-call)	2.082729424	false	0.04870007	false(unreach-call)	2.087907243
beem/msmie.2.prop1-back-serstep.yml	false	false(unreach-call)	75.906569929	false(unreach-call)	73.81327461	false	0.235369692	false	0.702883864	false	0.076079945	false	0.142338581	false	0.342743632	false(unreach-call)	10.399483843	false	0.12277541	false(unreach-call)	13.452512028
beem/reader_writer.1.prop1-func-interl.yml	false	false(unreach-call)	19.285760085	false(unreach-call)	15.915913884	false	0.216888968	false	2.507737317	false	0.150647464	false	0.438326403	false	0.625323564	false(unreach-call)	9.345365897	false	0.094365943	false(unreach-call)	12.392438892
beem/lamport.8.prop1-back-serstep.yml	false	false(unreach-call)	25.709244558	false(unreach-call)	23.485593413	false	0.686143762	TIMEOUT	900.756275613	false	2.233238203	false	5.179912712	false	1.921931186	false(unreach-call)	12.107923613	false	0.726784907	false(unreach-call)	17.383810048
beem/brp2.1.prop1-func-interl.yml	false	false(unreach-call)	402.348587873	false(unreach-call)	200.448181346	TIMEOUT	900.112429293	TIMEOUT	900.548167588	false	69.93846902	TIMEOUT	960.143719053	false	115.472018646	false(unreach-call)	257.010113896	false	29.261747842	false(unreach-call)	290.796094693
beem/bakery.4.prop1-back-serstep.yml	false	false(unreach-call)	9.894628142	false(unreach-call)	9.098693619	false	0.25572126	false	75.697841951	false	0.159409892	false	0.418914883	false	0.480961759	false(unreach-call)	5.32040046	false	0.326831439	false(unreach-call)	8.585500478
beem/collision.5.prop1-func-interl.yml	false	false(unreach-call)	44.1922021	false(unreach-call)	28.833010324	false	13.434567186	false	19.037874954	false	1.52460408	false	3.063990266	false	2.800687547	false(unreach-call)	18.314674422	false	2.107540795	false(unreach-call)	33.23110987
goel-industry/cal14.yml	true	TIMEOUT	960.167504738	TIMEOUT	960.167531144	TIMEOUT	900.079414799	true	0.106100215	true	0.066208478	TIMEOUT	960.128615086	TIMEOUT	900.041635791	TIMEOUT	960.197209492	TIMEOUT	960.126889653	TIMEOUT	960.21234217
goel-opensource/mpeg.yml	true	TIMEOUT	960.260232593	TIMEOUT	960.261456313	true	0.116034953	true	0.114480887	true	0.064133262	true	0.089375042	ERROR	825.958689737	OUT OF MEMORY	706.328443718	TIMEOUT	960.176652187	true	8.793802355
beem/lann.3.prop1-func-interl.yml	false	false(unreach-call)	43.967785504	false(unreach-call)	29.922947078	false	19.653809334	false	40.007193919	false	0.467470837	false	201.971453505	false	28.389472243	false(unreach-call)	38.191828201	false	6.136102166	false(unreach-call)	52.382616074
goel-industry/cal54.yml	true	true	0.280265966	TIMEOUT	960.222431411	true	0.100719442	true	0.081161162	true	0.055180846	true	0.070519306	ERROR	3.142163525	TIMEOUT	960.348554819	TIMEOUT	960.126115752	true	0.595480913
fuzzbtor2/bv_debug_51.yml	false	false(unreach-call)	0.189674065	false(unreach-call)	0.184608216	false	0.099842117	false	0.092786534	false	0.049430386	false	0.048694934	false	0.079316695	false(unreach-call)	0.160537102	false	0.040066088	false(unreach-call)	0.158390053
goel-opensource/vis_arrays_vsaR_p01.yml	false	false(unreach-call)	1.065310648	false(unreach-call)	0.906811163	false	0.108402072	false	0.100317277	false	0.052239344	false	0.051499597	false	0.09688701	false(unreach-call)	0.575494222	false	0.040574336	false(unreach-call)	0.39471453
beem/needham.3.prop3-func-interl.yml	true	TIMEOUT	960.395311124	TIMEOUT	960.487393767	TIMEOUT	900.114837633	TIMEOUT	900.359690235	true	18.972839535	true	392.720809784	TIMEOUT	900.179382389	TIMEOUT	960.254123179	TIMEOUT	960.127398976	TIMEOUT	960.247245279
beem/elevator.2.prop1-func-interl.yml	true	TIMEOUT	960.27910242	TIMEOUT	960.314019952	TIMEOUT	900.055346721	true	0.368037885	true	0.064114103	true	0.154493767	TIMEOUT	900.386796652	TIMEOUT	960.628129159	TIMEOUT	960.218665744	TIMEOUT	960.340074438
wolf-2019C/qspiflash_qflexpress_divfive-p139.yml	true	TIMEOUT	960.334560639	TIMEOUT	960.376728658	TIMEOUT	900.155478927	TIMEOUT	900.27751611	true	10.374001526	true	50.632451015	TIMEOUT	901.552339208	TIMEOUT	934.265959305	TIMEOUT	960.185742381	TIMEOUT	960.59374189
goel-opensource/zaher.yml	true	true	0.329874267	TIMEOUT	960.226084821	true	0.083521403	true	0.086997243	true	0.053756366	true	0.054064144	ERROR	29.995561742	TIMEOUT	913.382930195	OUT OF MEMORY	67.11916798	true	1.126629932
beem/peg_solitaire.3.prop1-back-serstep.yml	false	OUT OF MEMORY	41.853524496	OUT OF MEMORY	49.964209231	TIMEOUT	900.195491456	ERROR	899.626945811	TIMEOUT	960.127057595	TIMEOUT	960.183346845	ERROR	899.660125906	TIMEOUT	960.171420139	TIMEOUT	960.12605758	TIMEOUT	960.157465363
goel-opensource/v_DAIO.yml	false	false(unreach-call)	225.351361004	false(unreach-call)	83.035423926	false	40.520332147	false	51.452789477	false	0.12735444	false	182.32165272	false	3.366399719	false(unreach-call)	45.279964086	false	1.577925122	false(unreach-call)	62.231495367
fuzzbtor2/bv_debug_69.yml	true	true	0.248460119	true	0.2016385	ERROR	264.233251475	ERROR	0.08345308					ERROR	0.666389396	true	1.038558013			TIMEOUT	960.473965632
goel-opensource/vcegar_QF_BV_itc99_b13_p21.yml	true	TIMEOUT	960.264572467	TIMEOUT	960.222929218	true	0.07889543	true	0.085810149	true	0.052030611	true	0.055272044	ERROR	0.305054899	OUT OF MEMORY	430.257726657	OUT OF MEMORY	17.699160986	true	0.58447992
goel-opensource/vis_QF_BV_s1269b_p4.yml	false	false(unreach-call)	0.28584508	false(unreach-call)	0.265770724	false	0.080746523	false	0.081828708	false	0.051482252	false	0.067635168	false	0.093665493	false(unreach-call)	0.197557389	false	0.039849513	false(unreach-call)	0.186642342
beem/lifts.1.prop1-func-interl.yml	true	TIMEOUT	960.68106743	TIMEOUT	960.659567458	ERROR	899.937397599	TIMEOUT	900.452851733	TIMEOUT	960.127108099	TIMEOUT	960.137582427	ERROR	899.816618893	TIMEOUT	960.530910059	TIMEOUT	960.12467741	TIMEOUT	960.617494594
beem/needham.2.prop1-func-interl.yml	false	false(unreach-call)	33.726165821	false(unreach-call)	34.591556774	false	1.472229673	false	0.750579889	false	19.88087793	false	0.650567693	false	0.915450742	false(unreach-call)	14.32190805	false	0.754847495	false(unreach-call)	22.110522276
goel-opensource/synabs.yml	true	TIMEOUT	960.246518813	TIMEOUT	960.227469957	true	0.137210691	true	4.313960914	true	0.07890182	true	0.054596644	ERROR	0.438638958	OUT OF MEMORY	411.723549975	OUT OF MEMORY	32.045127993	true	5.657809426
beem/pgm_protocol.6.prop2-func-interl.yml	true	OUT OF MEMORY	52.783553042	OUT OF MEMORY	53.014791349	TIMEOUT	900.392337321	TIMEOUT	900.426900471	TIMEOUT	960.127766985	TIMEOUT	960.133461684	TIMEOUT	900.436784876	TIMEOUT	960.75338298	TIMEOUT	960.135246159	TIMEOUT	960.837300515
beem/reader_writer.2.prop1-func-interl.yml	true	TIMEOUT	960.303041885	TIMEOUT	960.276776125	TIMEOUT	900.105143496	TIMEOUT	900.596643972	TIMEOUT	960.13424109	TIMEOUT	960.186059287	ERROR	899.56146505	TIMEOUT	960.160107682	TIMEOUT	960.129589219	TIMEOUT	960.151325623
beem/fischer.2.prop1-func-interl.yml	false	false(unreach-call)	10.88175754	false(unreach-call)	7.600158044	false	0.394310006	false	14.643218818	false	0.419066313	false	0.900995075	false	0.699160222	false(unreach-call)	6.705400354	false	0.155389807	false(unreach-call)	11.071666587
goel-opensource/vis_arrays_two_p2.yml	true	true	2.154747291	TIMEOUT	960.169685364	true	0.110160519	TIMEOUT	901.033470137	true	70.309251968	true	187.129333499	ERROR	311.718991978	TIMEOUT	960.206155717	TIMEOUT	960.134514951	true	4.287686882
beem/pgm_protocol.1.prop1-func-interl.yml	true	OUT OF MEMORY	51.63471495	OUT OF MEMORY	51.117385479	true	0.315900596	TIMEOUT	900.341578652	true	0.150853548	true	0.263466609	TIMEOUT	900.786329197	OUT OF MEMORY	555.380448938	TIMEOUT	960.760217815	true	37.774219239
fuzzbtor2/bv_debug_17.yml	true	true	0.219469244	true	0.208571584	ERROR	307.781629807	true	0.10747333	true	0.054240959	true	0.056749221	ERROR	0.082112171	true	1.086949091	OUT OF MEMORY	9.445966949	TIMEOUT	960.687922519
goel-opensource/h_b08.yml	true	true	0.332772126	TIMEOUT	960.17899922	true	0.092102667	true	0.102558955	true	0.08032194	true	0.053486014	ERROR	3.061859101	OUT OF MEMORY	706.381621718	OUT OF MEMORY	12.694200225	true	0.383296328
beem/leader_election.1.prop1-func-interl.yml	true	OUT OF MEMORY	40.202251766	OUT OF MEMORY	48.324341062	TIMEOUT	900.1811764	TIMEOUT	900.514281802	TIMEOUT	960.12617954	TIMEOUT	960.165493245	TIMEOUT	900.190644087	TIMEOUT	960.265062004	TIMEOUT	960.134110262	TIMEOUT	960.284122804
wolf-2019C/qspiflash_dualflexpress_divfive-p154.yml	true	TIMEOUT	960.464434945	TIMEOUT	960.40774944	TIMEOUT	900.224802663	true	4.48169316	true	15.338549458	true	18.282897176	TIMEOUT	901.799766203	OUT OF MEMORY	819.449861187	TIMEOUT	960.216997258	OUT OF MEMORY	884.10526009
goel-industry/cal93.yml	true	OUT OF MEMORY	40.479219467	OUT OF MEMORY	43.359858665	TIMEOUT	900.41346947	true	35.687673567	true	97.502138164	TIMEOUT	960.16375047	TIMEOUT	900.537576481	TIMEOUT	960.170703285	TIMEOUT	960.133644446	TIMEOUT	960.174790558
beem/needham.4.prop2-func-interl.yml	true	TIMEOUT	960.670257202	TIMEOUT	960.627869397	ERROR	899.518719307	TIMEOUT	900.134195379	true	62.054152409	TIMEOUT	960.14355801	TIMEOUT	900.022608683	TIMEOUT	960.287751581	TIMEOUT	960.130828245	TIMEOUT	960.2464167
goel-opensource/vis_QF_BV_vMiim_p2.yml	false	false(unreach-call)	0.790489038	false(unreach-call)	0.694917586	false	0.092908751	false	0.103582986	false	0.053215706	false	0.076832546	false	0.095018074	false(unreach-call)	0.688506826	false	0.054901003	false(unreach-call)	0.975767012
beem/bakery.7.prop1-back-serstep.yml	true	TIMEOUT	960.221825727	TIMEOUT	960.217237333	TIMEOUT	900.115145217	ERROR	899.554934044	TIMEOUT	960.128853514	TIMEOUT	960.125815951	ERROR	899.94503018	TIMEOUT	960.16326007	TIMEOUT	960.134155093	TIMEOUT	960.164071805
goel-industry/cal148.yml	true	OUT OF MEMORY	48.889830528	OUT OF MEMORY	49.46641	TIMEOUT	900.456443941	true	31.976584519	true	38.41963501	TIMEOUT	960.131382249	TIMEOUT	900.605073771	TIMEOUT	960.192973129	TIMEOUT	960.121536571	TIMEOUT	960.202044047
goel-industry/cal139.yml	true	OUT OF MEMORY	46.9391022	OUT OF MEMORY	51.592838114	TIMEOUT	900.419923102	true	33.383720402	true	19.561088393	TIMEOUT	960.149446791	TIMEOUT	900.632869734	TIMEOUT	960.216913045	TIMEOUT	960.133144689	TIMEOUT	960.202293361
beem/lamport.2.prop1-back-serstep.yml	false	false(unreach-call)	12.557488308	false(unreach-call)	13.173348469	false	0.78419941	false	112.857073037	false	7.1549221	false	2.699707623	false	1.52099921	false(unreach-call)	8.656501567	false	0.595874338	false(unreach-call)	10.000946325
goel-industry/cal72.yml	true	OUT OF MEMORY	45.891486762	OUT OF MEMORY	48.038773256	true	0.950232711	true	0.795744191	true	0.358162033	true	0.938571368	OUT OF MEMORY	433.786716204	OUT OF MEMORY	785.837327328	TIMEOUT	960.130882177	true	82.072593987
beem/brp2.5.prop2-func-interl.yml	true	TIMEOUT	960.261807192	TIMEOUT	960.267192196	ERROR	899.535980321	TIMEOUT	900.39029365	true	535.627628641	TIMEOUT	960.132551192	TIMEOUT	900.242422726	TIMEOUT	960.315774523	TIMEOUT	960.132781901	TIMEOUT	960.306382906
goel-industry/cal192.yml	true	OUT OF MEMORY	42.575307909	OUT OF MEMORY	46.773877115	TIMEOUT	900.64308291	true	46.920258478	TIMEOUT	960.120117076	TIMEOUT	960.151490335	TIMEOUT	900.582296455	TIMEOUT	960.196448039	TIMEOUT	960.133145705	TIMEOUT	960.211744208
beem/brp2.4.prop1-back-serstep.yml	false	TIMEOUT	960.231970674	false(unreach-call)	741.992076296	ERROR	899.854663846	TIMEOUT	900.120648556	false	13.36015825	TIMEOUT	960.121443917	false	157.338325606	TIMEOUT (false(unreach-call))	948.855019094	false	45.576661898	TIMEOUT	960.356728569
beem/lifts.4.prop1-back-serstep.yml	true	OUT OF MEMORY	51.190512048	OUT OF MEMORY	40.10935255	ERROR	478.02084857	TIMEOUT	900.206154249	TIMEOUT	960.117910103	TIMEOUT	960.138498885	ERROR	527.989660316	TIMEOUT	960.269074772	TIMEOUT	960.136594202	TIMEOUT	960.238423927
beem/rushhour.3.prop1-func-interl.yml	true	OUT OF MEMORY	51.707697816	OUT OF MEMORY	46.106830066	TIMEOUT	900.610150834	TIMEOUT	900.570879515	TIMEOUT	960.129602218	true	64.271922515	TIMEOUT	902.654253584	OUT OF MEMORY	838.921403953	TIMEOUT	960.213554691	TIMEOUT	960.532536023
goel-industry/cal159.yml	true	OUT OF MEMORY	45.393827778	OUT OF MEMORY	49.03833152	TIMEOUT	901.382064142	true	0.494605804	true	0.208199656	true	15.62869314	OUT OF MEMORY	646.244591322	OUT OF MEMORY	593.29308713	OUT OF MEMORY	52.937278005	OUT OF MEMORY	881.738667771
beem/sokoban.1.prop1-back-serstep.yml	false	OUT OF MEMORY	53.25159431	OUT OF MEMORY	57.013665205	TIMEOUT	900.175996164	TIMEOUT	900.252695085	TIMEOUT	960.123158898	TIMEOUT	960.131900368	TIMEOUT	900.102397809	TIMEOUT	960.205690063	TIMEOUT	960.136479928	TIMEOUT	960.221848599
beem/iprotocol.5.prop1-back-serstep.yml	false	false(unreach-call)	17.541926023	false(unreach-call)	19.020414528	false	0.208392339	false	0.728149207	false	0.097112656	false	0.212192701	false	0.184085098	false(unreach-call)	4.497418838	false	0.233526708	false(unreach-call)	5.84548342
goel-industry/cal78.yml	true	OUT OF MEMORY	46.708780245	OUT OF MEMORY	44.806577029	TIMEOUT	900.655696072	true	0.499398519	true	0.267255991	TIMEOUT	960.120922987	OUT OF MEMORY	709.269847197	TIMEOUT	960.233178152	OUT OF MEMORY	38.179175269	TIMEOUT	960.240183851
goel-industry/cal147.yml	true	OUT OF MEMORY	43.885934977	OUT OF MEMORY	48.644498763	TIMEOUT	900.449471558	true	31.204699327	true	24.110754531	TIMEOUT	960.139651019	TIMEOUT	900.125639492	TIMEOUT	960.198418638	TIMEOUT	960.132351529	TIMEOUT	960.205255901
wolf-2019C/qspiflash_dualflexpress_divthree-p161.yml	true	TIMEOUT	960.378648886	TIMEOUT	960.383236178	TIMEOUT	900.210086909	true	601.333877104	true	221.670097844	TIMEOUT	960.129851444	TIMEOUT	900.726745325	TIMEOUT	960.690648558	TIMEOUT	960.128175939	TIMEOUT	960.618355482
beem/hanoi.4.prop1-back-serstep.yml	true	TIMEOUT	960.490713312	TIMEOUT	960.439467821	ERROR	899.552106809	TIMEOUT	900.485962123	TIMEOUT	960.121242333	TIMEOUT	960.131780506	TIMEOUT	900.151219018	TIMEOUT	960.222840763	TIMEOUT	960.132800142	TIMEOUT	960.219886835
wolf-2019C/qspiflash_dualflexpress_divthree-p076.yml	true	TIMEOUT	960.418711209	TIMEOUT	960.40873622	TIMEOUT	900.207535425	true	2.39113777	true	1.6803172	true	296.338460931	TIMEOUT	901.3179617	OUT OF MEMORY	861.095886841	TIMEOUT	960.197255602	TIMEOUT	960.565110127
wolf-2018D/picorv32-pcregs-p0.yml	true	TIMEOUT	960.826274266	TIMEOUT	960.669403581	TIMEOUT	900.122850022	TIMEOUT	900.393134317	TIMEOUT	960.132798128	TIMEOUT	960.133807014	TIMEOUT	900.308094822	TIMEOUT	960.226284981	TIMEOUT	960.127800528	TIMEOUT	960.247260203
beem/cambridge.3.prop1-back-serstep.yml	true	TIMEOUT	960.478243898	TIMEOUT	960.407086936	TIMEOUT	900.033232892	TIMEOUT	900.21745797	TIMEOUT	960.125690739	TIMEOUT	960.127675563	TIMEOUT	900.038185363	TIMEOUT	960.180412584	TIMEOUT	960.12931926	TIMEOUT	960.178828381
beem/protocols.2.prop1-func-interl.yml	false	false(unreach-call)	2.515470862	false(unreach-call)	2.669807875	false	0.10618804	false	0.194261001	false	0.060699635	false	0.099517265	false	0.159109007	false(unreach-call)	2.950872636	false	0.052121421	false(unreach-call)	3.702821126
beem/iprotocol.3.prop1-back-serstep.yml	false	false(unreach-call)	15.262918133	false(unreach-call)	14.120103239	false	0.177978426	false	0.702653635	false	0.089335189	false	0.14886228	false	0.197166466	false(unreach-call)	4.10939115	false	0.186640256	false(unreach-call)	5.076688741
goel-crafted/sw_sym_ex.yml	true	TIMEOUT	960.218107634	TIMEOUT	960.209430725	true	0.097734944	true	0.145313579	true	0.0643455	true	0.074513117	ERROR	1.417019004	TIMEOUT	960.265650365	TIMEOUT	960.128082278	true	3.113552469
goel-industry/cal75.yml	true	OUT OF MEMORY	47.386575303	OUT OF MEMORY	49.863946237	TIMEOUT	901.45518956	true	0.381411422	true	0.09245753	true	0.497993306	OUT OF MEMORY	382.230022804	OUT OF MEMORY	501.73557872	OUT OF MEMORY	72.25736675	OUT OF MEMORY	633.992931566
beem/leader_election.3.prop1-func-interl.yml	true	OUT OF MEMORY	40.322853161	OUT OF MEMORY	45.843752123	TIMEOUT	900.20003575	TIMEOUT	900.652693605	TIMEOUT	960.131057154	TIMEOUT	960.149143035	ERROR	899.755173824	TIMEOUT	960.324896017	TIMEOUT	960.129922895	TIMEOUT	960.299188605
beem/driving_phils.3.prop1-back-serstep.yml	false	false(unreach-call)	23.881209298	false(unreach-call)	22.884286591	false	0.134475198	false	0.150183526	false	0.080483896	false	0.183213313	false	0.137298953	false(unreach-call)	2.069877316	false	0.051905598	false(unreach-call)	2.167230027
fuzzbtor2/bv_debug_22.yml	false	false(unreach-call)	0.190213221	false(unreach-call)	0.195456324	false	0.086362763	false	0.083938368					false	0.093841897	false(unreach-call)	0.218410223			false(unreach-call)	0.200672816
beem/train-gate.2.prop1-func-interl.yml	true	TIMEOUT	960.244200827	TIMEOUT	960.285370052	TIMEOUT	900.144443422	TIMEOUT	900.502121453	true	4.347665769	true	3.04337014	ERROR	899.939640356	TIMEOUT	960.463401324	TIMEOUT	960.13214393	TIMEOUT	960.389986613
beem/plc.4.prop2-back-serstep.yml	true	OUT OF MEMORY	49.643297553	OUT OF MEMORY	49.605427382	TIMEOUT	900.436369564	ERROR	899.317087765	TIMEOUT	960.149037638	TIMEOUT	960.134865385	TIMEOUT	900.834273804	OUT OF MEMORY	668.015367932	TIMEOUT	960.14226978	OUT OF MEMORY	883.4510662
beem/extinction.4.prop1-func-interl.yml	true	TIMEOUT	960.792581016	TIMEOUT	960.748025805	TIMEOUT	900.220536175	TIMEOUT	900.516603366	TIMEOUT	960.125404549	TIMEOUT	960.136727641	TIMEOUT	900.26890983	TIMEOUT	960.545985419	TIMEOUT	960.125324639	TIMEOUT	960.540032569
beem/needham.4.prop1-func-interl.yml	false	false(unreach-call)	63.846020559	false(unreach-call)	67.598780572	false	2.089094933	false	2.755750163	false	38.775240823	false	1.097364723	false	1.417239934	false(unreach-call)	22.291544876	false	1.019889055	false(unreach-call)	32.273834454
beem/cambridge.6.prop2-back-serstep.yml	true	OUT OF MEMORY	45.695379275	OUT OF MEMORY	51.43066634	TIMEOUT	900.177322265	TIMEOUT	900.065162402	TIMEOUT	960.122602881	TIMEOUT	960.125462936	TIMEOUT	900.169743756	TIMEOUT	960.193878321	TIMEOUT	960.139481481	TIMEOUT	960.207361967
wolf-2019C/zipversa_composecrc_prf-p07.yml	true	true	27.899449609	TIMEOUT	960.40199943	true	0.189541117	true	1.209976802	true	0.086037625	true	0.096610614	TIMEOUT	901.328786503	OUT OF MEMORY	422.67187069	TIMEOUT	960.141134294	true	13.596260065
wolf-2019A/picorv32_mutBX_nomem-p0.yml	false	OUT OF MEMORY	41.099216925	OUT OF MEMORY	51.300659617	ERROR	899.980432296	TIMEOUT	900.40201127	TIMEOUT	960.128626419	TIMEOUT	960.164933116	TIMEOUT	900.530695022	false(unreach-call)	265.805593638	TIMEOUT	960.131299207	false(unreach-call)	361.488703993
goel-industry/cal50.yml	true	OUT OF MEMORY	45.270063221	OUT OF MEMORY	48.771764285	true	0.347020267	true	0.331458709	true	0.063048013	true	0.073404901	OUT OF MEMORY	400.12967553	OUT OF MEMORY	387.742733474	TIMEOUT	960.127479988	true	32.854721795
beem/synapse.2.prop1-back-serstep.yml	true	OUT OF MEMORY	49.43563671	OUT OF MEMORY	39.683906711	TIMEOUT	900.158009021	true	425.588412678	true	24.642195575	TIMEOUT	960.132769482	TIMEOUT	900.201273651	TIMEOUT	960.30914846	TIMEOUT	960.144055162	TIMEOUT	960.277811312
goel-industry/cal59.yml	true	OUT OF MEMORY	46.775169118	OUT OF MEMORY	52.370001655	true	0.448874804	true	0.431808404	true	0.100829589	true	0.16005468	TIMEOUT	905.748798776	OUT OF MEMORY	490.539747136	TIMEOUT	960.128139724	true	39.312037347
goel-industry/cal23.yml	true	OUT OF MEMORY	40.558390308	OUT OF MEMORY	45.547883493	TIMEOUT	901.43050483	true	0.389634916	true	0.06482381	true	0.102274251	OUT OF MEMORY	380.909055752	OUT OF MEMORY	402.460501554	TIMEOUT	960.119846229	OUT OF MEMORY	564.199899074
beem/exit.4.prop1-func-interl.yml	false	false(unreach-call)	448.011799955	false(unreach-call)	214.9386075	TIMEOUT	900.156815848	TIMEOUT	900.39068787	false	18.458831717	TIMEOUT	960.171603306	false	496.165015579	false(unreach-call)	199.528194153	false	52.392446344	false(unreach-call)	258.059186584
goel-opensource/h_traffic_light_example.yml	true	true	0.250661035	TIMEOUT	960.178415799	true	0.102822572	true	0.095715762	true	0.052598267	true	0.055783985	ERROR	16.496907342	TIMEOUT	960.135516013	TIMEOUT	960.291520192	true	0.667126526
goel-opensource/vis_arrays_vsaR_p09.yml	true	true	1.72584277	TIMEOUT	960.228723321	true	0.102312396	true	9.39022803	true	0.195892199	true	0.064833329	ERROR	129.078343324	OUT OF MEMORY	630.351156721	TIMEOUT	960.155510686	true	3.578704406
goel-opensource/synabs2.yml	false	false(unreach-call)	0.319129563	false(unreach-call)	0.26985071	false	0.085435511	false	0.974067981	false	0.109986447	false	0.084255859	false	0.081378047	false(unreach-call)	0.353593065	false	0.051471377	false(unreach-call)	0.648561422
beem/msmie.3.prop1-back-serstep.yml	true	OUT OF MEMORY	43.689613462	OUT OF MEMORY	46.864968852	ERROR	899.639304383	TIMEOUT	900.351018193	TIMEOUT	960.122967059	TIMEOUT	960.124319851	TIMEOUT	900.206947784	TIMEOUT	960.180077999	TIMEOUT	960.133381687	TIMEOUT	960.167721108
beem/needham.1.prop2-func-interl.yml	false	false(unreach-call)	12.17212748	false(unreach-call)	8.67427981	false	0.778705435	false	485.210474478	false	1.042323414	false	0.444663832	false	0.324101674	false(unreach-call)	3.849024189	false	0.341635396	false(unreach-call)	4.344609165
beem/adding.6.prop1-back-serstep.yml	false	false(unreach-call)	9.043888339	false(unreach-call)	9.914319464	false	14.769475948	TIMEOUT	900.538981297	TIMEOUT	960.121573529	false	57.700422289	false	8.43299537	false(unreach-call)	7.39219705	false	6.829996678	false(unreach-call)	9.868685233
beem/collision.1.prop1-func-interl.yml	true	TIMEOUT	960.155655773	TIMEOUT	960.177593553	ERROR	899.526841555	true	10.423951159	true	5.450096066	true	385.733404192	ERROR	899.648700483	TIMEOUT	960.347157534	TIMEOUT	960.160396892	TIMEOUT	960.165599141
beem/telephony.4.prop1-func-interl.yml	true	TIMEOUT	960.600277702	TIMEOUT	960.582558822	TIMEOUT	900.09724068	TIMEOUT	900.508981413	true	37.059766333	TIMEOUT	960.150445212	TIMEOUT	900.194920041	TIMEOUT	960.232659238	TIMEOUT	960.128540121	TIMEOUT	960.204482941
beem/hanoi.2.prop1-back-serstep.yml	false	TIMEOUT	960.337636451	TIMEOUT	960.365693734	ERROR	899.626324026	TIMEOUT	900.267201854	TIMEOUT	960.122926964	TIMEOUT	960.111585176	TIMEOUT	900.16588111	TIMEOUT	960.182572483	TIMEOUT	960.133532818	TIMEOUT	960.179468148
beem/iprotocol.6.prop1-back-serstep.yml	false	false(unreach-call)	18.471365226	false(unreach-call)	15.486086812	false	0.171055382	false	0.713688236	false	0.096693842	false	0.206395803	false	0.184653749	false(unreach-call)	4.475885576	false	0.219262829	false(unreach-call)	5.593850325
goel-opensource/itc99_b13.yml	true	TIMEOUT	960.157405032	TIMEOUT	960.171528872	ERROR	201.079398405	true	0.106535326	true	0.062291852	true	0.065356909	ERROR	2.939309282	OUT OF MEMORY	543.342307562	OUT OF MEMORY	22.519895624	TIMEOUT	941.327106136
beem/iprotocol.2.prop1-func-interl.yml	false	false(unreach-call)	8.527782085	false(unreach-call)	6.830978535	false	0.153697408	false	1.122384124	false	0.072582504	false	0.118703365	false	0.223792868	false(unreach-call)	2.928508786	false	0.068747672	false(unreach-call)	3.646533296
goel-crafted/toy_lock_4.yml	true	TIMEOUT	960.127049648	TIMEOUT	960.139643094	TIMEOUT	900.081448927	true	138.36766731	true	381.118988521	TIMEOUT	960.141063487	TIMEOUT	900.000226511	TIMEOUT	960.129086658	TIMEOUT	960.124060039	TIMEOUT	960.128169057
goel-industry/cal37.yml	true	TIMEOUT	960.316210975	TIMEOUT	960.331110805	ERROR	899.948250608	true	1.745685486	true	0.193388393	true	39.903682189	TIMEOUT	901.969518743	TIMEOUT	960.385310074	TIMEOUT	960.177056225	TIMEOUT	960.347775593
beem/pgm_protocol.4.prop5-func-interl.yml	true	OUT OF MEMORY	42.899197302	OUT OF MEMORY	49.114701757	TIMEOUT	900.55371815	TIMEOUT	900.391413254	TIMEOUT	960.135333575	TIMEOUT	960.148147184	TIMEOUT	900.460125525	TIMEOUT	960.770122487	TIMEOUT	960.149861852	TIMEOUT	960.763598826
beem/cambridge.3.prop2-func-interl.yml	true	TIMEOUT	960.350874366	TIMEOUT	960.321612309	TIMEOUT	900.091094032	ERROR	899.851615896	TIMEOUT	960.124178839	TIMEOUT	960.145643754	TIMEOUT	900.102264993	TIMEOUT	960.194174501	TIMEOUT	960.12404768	TIMEOUT	960.196702223
goel-opensource/vcegar_QF_BV_itc99_b13_p07.yml	true	TIMEOUT	960.214051502	TIMEOUT	960.193061677	true	0.0821541	true	0.083561467	true	0.055730165	true	0.059679104	ERROR	0.597240145	OUT OF MEMORY	549.928080926	OUT OF MEMORY	18.598723909	true	1.424179601
beem/lamport_nonatomic.4.prop1-func-interl.yml	true	OUT OF MEMORY	47.220917736	OUT OF MEMORY	37.831932037	ERROR	899.704747743	ERROR	899.839146058	true	4.831336565	TIMEOUT	960.137231467	ERROR	899.818593666	TIMEOUT	960.280991389	TIMEOUT	960.131729677	TIMEOUT	960.253219445
beem/lamport.8.prop1-func-interl.yml	false	false(unreach-call)	112.684362984	false(unreach-call)	71.294750709	false	363.464053053	TIMEOUT	900.625720961	false	0.881599246	TIMEOUT	960.165193529	TIMEOUT	900.088757819	false(unreach-call)	72.942793632	false	91.378788201	false(unreach-call)	101.524881216
beem/sokoban.2.prop1-back-serstep.yml	false	OUT OF MEMORY	51.358692185	OUT OF MEMORY	41.804379125	TIMEOUT	900.100482921	TIMEOUT	900.161422928	TIMEOUT	960.130534248	TIMEOUT	960.134669838	TIMEOUT	900.243102422	TIMEOUT	960.204352768	TIMEOUT	960.139769637	TIMEOUT	960.213199407
goel-industry/cal89.yml	true	OUT OF MEMORY	53.564571814	OUT OF MEMORY	51.213684262	TIMEOUT	900.450194465	true	26.978503032	true	13.112158508	TIMEOUT	960.150909648	TIMEOUT	900.718027339	TIMEOUT	960.225341198	TIMEOUT	960.134850919	TIMEOUT	960.224554765
goel-industry/cal84.yml	true	OUT OF MEMORY	51.552263279	OUT OF MEMORY	50.435309451	TIMEOUT	900.457142909	true	30.312541908	true	11.163729695	TIMEOUT	960.156729546	TIMEOUT	900.483690054	TIMEOUT	960.196067655	TIMEOUT	960.127254449	TIMEOUT	960.203404235
beem/cambridge.5.prop1-func-interl.yml	true	TIMEOUT	960.463040431	TIMEOUT	960.496517074	TIMEOUT	900.12166356	TIMEOUT	900.446081825	TIMEOUT	960.127482694	TIMEOUT	960.13472421	TIMEOUT	900.169870834	TIMEOUT	960.239448484	TIMEOUT	960.132243479	TIMEOUT	960.258478001
fuzzbtor2/bv_debug_23.yml	true	true	0.250150948	true	0.192936848	ERROR	0.079995683	ERROR	0.079672508					ERROR	0.402519252	true	0.941089177			true	0.263906137
goel-industry/cal81.yml	true	OUT OF MEMORY	49.26555979	OUT OF MEMORY	42.106640229	TIMEOUT	901.295500347	true	0.863895617	true	0.438111657	TIMEOUT	960.155176118	OUT OF MEMORY	455.18413352	TIMEOUT	960.276643947	TIMEOUT	960.128893723	TIMEOUT	960.257442537
beem/telephony.6.prop1-func-interl.yml	false	false(unreach-call)	186.463018416	false(unreach-call)	126.552970194	false	106.706102969	TIMEOUT	900.290750649	TIMEOUT	960.132037526	false	325.902132287	false	101.824185312	false(unreach-call)	77.773923113	false	13.499376268	false(unreach-call)	104.318407722
beem/rether.6.prop1-back-serstep.yml	false	OUT OF MEMORY	46.479242334	OUT OF MEMORY	46.357804923	TIMEOUT	900.194574902	ERROR	899.716201013	false	511.976563034	TIMEOUT	960.126559771	TIMEOUT	900.304176284	TIMEOUT	960.291244395	false	538.299342567	TIMEOUT	960.298415245
mann-data-integrity/arbitrated_top_n4_w8_d64_e0.yml	false	TIMEOUT	960.835644694	TIMEOUT	960.923350866	TIMEOUT	900.173354106	TIMEOUT	900.647156953	TIMEOUT	960.120462212	TIMEOUT	960.14729655	TIMEOUT	900.209641656	TIMEOUT	960.28332213	TIMEOUT	960.138404529	TIMEOUT	960.254324039
goel-industry/cal8.yml	true	TIMEOUT	960.156881516	TIMEOUT	960.17329131	ERROR	899.966833448	true	0.105809301	true	0.078027146	TIMEOUT	960.141197977	TIMEOUT	900.113616431	TIMEOUT	960.194828112	TIMEOUT	960.127702134	TIMEOUT	960.194449067
goel-industry/cal36.yml	true	TIMEOUT	960.368339484	TIMEOUT	960.384541982	TIMEOUT	900.198949078	true	2.657317162	true	0.199841932	true	18.478971	TIMEOUT	901.727381616	TIMEOUT	960.370710529	TIMEOUT	960.171459597	TIMEOUT	960.36567217
beem/cyclic_scheduler.1.prop1-back-serstep.yml	true	TIMEOUT	960.317630707	TIMEOUT	960.29171632	TIMEOUT	900.246847069	true	0.545078295	true	0.164264938	true	1.00009067	ERROR	899.774391597	TIMEOUT	960.555788027	TIMEOUT	960.166909972	TIMEOUT	960.320897273
goel-industry/cal205.yml	true	OUT OF MEMORY	54.00538254	OUT OF MEMORY	48.93252492	TIMEOUT	900.483217732	true	49.964403881	TIMEOUT	960.118446408	TIMEOUT	960.14885698	TIMEOUT	900.556702477	TIMEOUT	960.209851486	TIMEOUT	960.130171756	TIMEOUT	960.195350249
mann-data-integrity/circular_pointer_top_w16_d128_e0.yml	false	TIMEOUT	960.383949139	TIMEOUT	960.376640218	TIMEOUT	900.067781663	TIMEOUT	900.663318207	TIMEOUT	960.134070815	TIMEOUT	960.149874467	TIMEOUT	900.140695017	TIMEOUT	960.195394582	TIMEOUT	960.127835323	TIMEOUT	960.204056328
mann-data-integrity/circular_pointer_top_w8_d128_e0.yml	false	TIMEOUT	960.327370992	TIMEOUT	960.372868285	ERROR	899.671514681	TIMEOUT	900.588779517	TIMEOUT	960.128838774	TIMEOUT	960.146396592	TIMEOUT	900.1283882	TIMEOUT	960.205072274	TIMEOUT	960.127825033	TIMEOUT	960.206636718
beem/peg_solitaire.2.prop1-func-interl.yml	false	TIMEOUT	960.795939068	TIMEOUT	960.809891166	TIMEOUT	900.194725302	TIMEOUT	900.242403863	TIMEOUT	960.129842828	TIMEOUT	960.243542177	ERROR	899.627160777	TIMEOUT	960.204016487	TIMEOUT	960.119711816	TIMEOUT	960.242193443
goel-opensource/vcegar_QF_BV_usb_phy_1.yml	false	false(unreach-call)	91.18198292	false(unreach-call)	53.85196428	false	2.831889033	false	15.975972891	false	0.147851181	false	2.695430136	false	1.57799449	false(unreach-call)	26.77550387	false	0.874889008	false(unreach-call)	40.96257183
mann-data-integrity/circular_pointer_top_w16_d64_e0.yml	false	TIMEOUT	960.192782016	TIMEOUT	960.19891651	ERROR	899.618072519	TIMEOUT	900.622998976	TIMEOUT	960.128052018	TIMEOUT	960.144655671	TIMEOUT	900.04404789	TIMEOUT	960.187540374	TIMEOUT	960.125883752	TIMEOUT	960.178091733
goel-industry/cal80.yml	true	OUT OF MEMORY	46.282694373	OUT OF MEMORY	45.033157874	TIMEOUT	901.303820565	true	0.927519628	true	0.427984687	TIMEOUT	960.1440477	OUT OF MEMORY	492.650355042	TIMEOUT	960.240839039	TIMEOUT	960.11439168	TIMEOUT	960.287239116
beem/pgm_protocol.5.prop6-back-serstep.yml	true	OUT OF MEMORY	47.338252348	OUT OF MEMORY	49.553796652	TIMEOUT	900.285929118	TIMEOUT	900.304860634	TIMEOUT	960.125070673	TIMEOUT	960.143361202	TIMEOUT	900.411636502	TIMEOUT	960.316010977	TIMEOUT	960.140567194	TIMEOUT	960.289422502
beem/plc.1.prop2-back-serstep.yml	true	OUT OF MEMORY	40.86742051	OUT OF MEMORY	45.99113999	TIMEOUT	900.330490832	TIMEOUT	900.167556606	TIMEOUT	960.141301328	TIMEOUT	960.145865471	TIMEOUT	900.759848498	OUT OF MEMORY	676.969310501	TIMEOUT	960.142626315	OUT OF MEMORY	819.418048845
wolf-2019C/dspfilters_fastfir_second-p22.yml	true	OUT OF MEMORY	48.523528132	OUT OF MEMORY	46.434450562	TIMEOUT	900.238651392	TIMEOUT	900.640698004	TIMEOUT	960.126577266	TIMEOUT	960.138369321	TIMEOUT	900.2676864	TIMEOUT	960.320117069	TIMEOUT	960.130397564	TIMEOUT	960.307760757
goel-industry/cal34.yml	true	OUT OF MEMORY	45.05395223	OUT OF MEMORY	43.752812115	TIMEOUT	900.217317784	true	0.497923263	true	0.470959334	TIMEOUT	960.151969867	ERROR	899.844797116	TIMEOUT	960.164561279	TIMEOUT	960.1236273	TIMEOUT	960.175968471
goel-opensource/vis_arrays_vsaR_p11.yml	true	TIMEOUT	960.238909158	TIMEOUT	960.217601863	true	0.142922901	true	1.775567083	true	0.257548264	true	0.096409364	ERROR	116.008929065	OUT OF MEMORY	478.930126647	TIMEOUT	960.166106317	true	2.609292742
beem/needham.2.prop3-back-serstep.yml	true	TIMEOUT	960.387923574	TIMEOUT	960.345705195	TIMEOUT	900.101976662	TIMEOUT	900.122436367	true	619.449804443	TIMEOUT	960.133590658	ERROR	899.717534659	TIMEOUT	960.179229882	TIMEOUT	960.126367542	TIMEOUT	960.17444548
goel-industry/cal191.yml	true	OUT OF MEMORY	46.891376377	OUT OF MEMORY	52.223882074	TIMEOUT	900.571550462	true	48.167721071	TIMEOUT	960.128907658	TIMEOUT	960.140702308	TIMEOUT	900.137928171	TIMEOUT	960.208988852	TIMEOUT	960.120612672	TIMEOUT	960.205394046
beem/brp2.3.prop2-back-serstep.yml	true	TIMEOUT	960.235070927	TIMEOUT	960.281436553	TIMEOUT	900.099473675	ERROR	899.703523155	TIMEOUT	960.160548921	TIMEOUT	960.136884161	TIMEOUT	900.267784185	TIMEOUT	960.474142165	TIMEOUT	960.180047954	TIMEOUT	960.533635591
goel-opensource/vis_arrays_buf_bug.yml	false	false(unreach-call)	19.164808196	false(unreach-call)	11.822028374	false	12.731576621	ERROR	899.843585865	false	14.347828774	TIMEOUT	960.135448646	false	1.869480326	false(unreach-call)	14.861743849	false	4.89662075	false(unreach-call)	22.343507927
beem/needham.2.prop3-func-interl.yml	true	TIMEOUT	960.337548003	TIMEOUT	960.320686339	ERROR	899.505600034	TIMEOUT	900.05491948	true	12.378974659	true	843.781748348	ERROR	899.523932632	TIMEOUT	960.817063738	TIMEOUT	960.130481144	TIMEOUT	960.207879464
goel-industry/cal27.yml	true	OUT OF MEMORY	49.610994369	OUT OF MEMORY	47.345987129	TIMEOUT	900.223717815	true	0.492399762	true	0.468060851	TIMEOUT	960.147323969	TIMEOUT	900.407702225	TIMEOUT	960.167151651	TIMEOUT	960.128396843	TIMEOUT	960.161083752
beem/mcs.3.prop1-back-serstep.yml	true	TIMEOUT	960.275683886	TIMEOUT	960.242005453	TIMEOUT	900.072581945	TIMEOUT	900.330745326	TIMEOUT	960.113464684	TIMEOUT	960.135190123	TIMEOUT	900.166918101	TIMEOUT	960.144687307	TIMEOUT	960.125642196	TIMEOUT	960.143911565
fuzzbtor2/bv_debug_64.yml	false	false(unreach-call)	0.223729412	false(unreach-call)	0.226126399	ERROR	0.080351145	true	0.080784284					ERROR	0.080430984	false(unreach-call)	0.177791503			false(unreach-call)	0.152511605
wolf-2019A/picorv32_mutBY_nomem-p1.yml	false	OUT OF MEMORY	53.155536168	OUT OF MEMORY	45.656507793	TIMEOUT	900.397347495	TIMEOUT	900.539831146	TIMEOUT	960.139153443	TIMEOUT	960.153919562	ERROR	899.826970474	false(unreach-call)	478.638118869	TIMEOUT	960.127816421	false(unreach-call)	595.462351919
beem/collision.6.prop1-back-serstep.yml	true	TIMEOUT	960.317196385	TIMEOUT	960.359146708	TIMEOUT	900.137815964	true	777.543747703	TIMEOUT	960.116720209	TIMEOUT	960.128393528	TIMEOUT	900.158008942	TIMEOUT	960.179434053	TIMEOUT	960.139874962	TIMEOUT	960.182723939
goel-industry/cal6.yml	true	TIMEOUT	960.170783982	TIMEOUT	960.174321576	TIMEOUT	900.067593115	true	0.114988724	true	0.077683574	TIMEOUT	960.134559656	TIMEOUT	900.010902598	TIMEOUT	960.203668219	TIMEOUT	960.128335938	TIMEOUT	960.202760082
beem/resistance.2.prop3-func-interl.yml	true	true	2.585864264	TIMEOUT	960.28780387	true	0.111486115	true	0.099409533	true	0.062291852	true	0.060702355	TIMEOUT	900.439418584	TIMEOUT	960.60036498	TIMEOUT	960.367134835	true	4.438703563
beem/resistance.1.prop2-func-interl.yml	true	true	1.984946202	TIMEOUT	960.248449227	true	0.09653952	true	0.096695744	true	0.059870758	true	0.059586765	TIMEOUT	900.404985819	TIMEOUT	960.802135183	TIMEOUT	960.308760951	true	3.686308496
beem/peg_solitaire.4.prop1-back-serstep.yml	true	TIMEOUT	960.316406101	TIMEOUT	960.372449549	TIMEOUT	900.116210079	TIMEOUT	900.064501634	TIMEOUT	960.129059242	TIMEOUT	960.164204371	TIMEOUT	900.021373828	TIMEOUT	960.132953091	TIMEOUT	960.122691036	TIMEOUT	960.138711383
beem/lifts.8.prop1-back-serstep.yml	false	OUT OF MEMORY	40.598510487	OUT OF MEMORY	45.561904699	ERROR	487.498159355	TIMEOUT	900.319097769	false	14.834168262	TIMEOUT	960.135278855	ERROR	491.059882242	TIMEOUT	960.253190191	TIMEOUT	960.139210286	TIMEOUT	960.23906459
beem/reader_writer.1.prop1-back-serstep.yml	false	false(unreach-call)	10.208716034	false(unreach-call)	9.431770272	false	0.127544693	false	0.207577546	false	0.06172299	false	0.08797424	false	0.160507707	false(unreach-call)	4.560185816	false	0.067769984	false(unreach-call)	4.847809173
mann-data-integrity/arbitrated_top_n2_w16_d32_e0.yml	false	TIMEOUT	960.222710162	false(unreach-call)	538.41682229	TIMEOUT	900.045882915	TIMEOUT	900.665592295	TIMEOUT	960.134694153	TIMEOUT	960.142377216	false	427.976144497	false(unreach-call)	88.459198911	TIMEOUT	960.133008604	false(unreach-call)	113.870285332
mann-data-integrity/arbitrated_top_n5_w8_d32_e0.yml	false	TIMEOUT	960.451961219	TIMEOUT	960.471765418	TIMEOUT	900.103694054	TIMEOUT	900.617546969	TIMEOUT	960.127217707	TIMEOUT	960.136932035	false	587.236049928	false(unreach-call)	206.659045756	TIMEOUT	960.114605873	false(unreach-call)	259.897093011
goel-industry/cal120.yml	true	OUT OF MEMORY	51.488634967	OUT OF MEMORY	55.492989129	TIMEOUT	900.559512895	true	30.325344626	true	38.585587165	TIMEOUT	960.1667349	TIMEOUT	900.477925811	TIMEOUT	960.19676711	TIMEOUT	960.1274603	TIMEOUT	960.201816039
goel-industry/cal209.yml	true	OUT OF MEMORY	43.32050534	OUT OF MEMORY	49.972603443	TIMEOUT	900.690337387	true	60.823254809	TIMEOUT	960.127851611	TIMEOUT	960.149865866	TIMEOUT	900.6312936	TIMEOUT	960.205254122	TIMEOUT	960.117812029	TIMEOUT	960.208905458
beem/pgm_protocol.7.prop6-back-serstep.yml	true	OUT OF MEMORY	48.45449974	OUT OF MEMORY	53.410892811	TIMEOUT	900.229837276	TIMEOUT	900.227393328	TIMEOUT	960.125597443	TIMEOUT	960.134832224	TIMEOUT	900.431876031	TIMEOUT	960.309191859	TIMEOUT	960.131694285	TIMEOUT	960.349083564
goel-industry/cal92.yml	true	OUT OF MEMORY	42.572374345	OUT OF MEMORY	46.283918108	TIMEOUT	901.310882818	true	0.500690016	true	0.069638168	true	0.139497337	OUT OF MEMORY	510.171581457	OUT OF MEMORY	519.216917035	TIMEOUT	960.142945952	OUT OF MEMORY	659.088892638
beem/plc.2.prop2-func-interl.yml	true	OUT OF MEMORY	53.394459991	OUT OF MEMORY	47.026021655	TIMEOUT	900.222206645	TIMEOUT	900.218062848	TIMEOUT	960.136496142	TIMEOUT	960.149380938	TIMEOUT	900.228550429	OUT OF MEMORY	604.336532251	TIMEOUT	960.144090505	OUT OF MEMORY	769.686898102
beem/krebs.4.prop1-back-serstep.yml	true	TIMEOUT	960.22046906	TIMEOUT	960.19243241	TIMEOUT	900.170764088	TIMEOUT	900.941387533	TIMEOUT	960.135195413	TIMEOUT	960.131683556	ERROR	899.817416547	TIMEOUT	960.350727859	TIMEOUT	960.128225715	TIMEOUT	960.387511958
goel-industry/cal224.yml	true	OUT OF MEMORY	45.445451013	OUT OF MEMORY	45.174118962	TIMEOUT	900.743684816	true	687.315417483	TIMEOUT	960.130296479	TIMEOUT	960.20544518	TIMEOUT	901.040337631	TIMEOUT	960.244817657	TIMEOUT	960.131113568	TIMEOUT	960.230749463
beem/pgm_protocol.7.prop1-back-serstep.yml	true	OUT OF MEMORY	47.247918132	OUT OF MEMORY	49.703746834	TIMEOUT	900.407965964	TIMEOUT	900.242651406	TIMEOUT	960.137824103	true	324.892893367	TIMEOUT	900.997951298	TIMEOUT	960.992472135	TIMEOUT	960.167880199	TIMEOUT	960.95410775
beem/resistance.1.prop1-back-serstep.yml	true	TIMEOUT	960.268772753	TIMEOUT	960.273006193	TIMEOUT	900.01090757	true	0.137574485	true	0.061647016	true	0.068174495	TIMEOUT	900.568135596	OUT OF MEMORY	841.660248509	TIMEOUT	960.265338021	TIMEOUT	960.551886985
goel-opensource/vis_arrays_vsaR_p07.yml	true	TIMEOUT	960.215506627	TIMEOUT	960.209971991	true	0.114857015	true	1.082430121	true	0.277763313	true	0.089329968	ERROR	113.174818184	OUT OF MEMORY	476.527781016	TIMEOUT	960.182957013	true	2.879578724
goel-crafted/client_server.yml	true	TIMEOUT	960.235576191	TIMEOUT	960.229776353	TIMEOUT	900.083059818	true	0.084694417	true	0.056412075	true	0.056630961	ERROR	37.819989269	TIMEOUT	960.356645006	TIMEOUT	960.14988207	TIMEOUT	960.147304334
fuzzbtor2/bv_debug_5.yml	true	true	0.205528241	true	0.190003301	ERROR	0.080007637	ERROR	0.084619263	true	0.053935747	true	0.053780416	ERROR	0.098835545	OUT OF MEMORY	441.687488035	OUT OF MEMORY	10.67943787	OUT OF MEMORY	540.026598309
goel-industry/cal45.yml	true	OUT OF MEMORY	44.959678133	OUT OF MEMORY	40.546283542	true	0.362738476	true	0.320519904	true	0.063508425	true	0.073632758	OUT OF MEMORY	378.657530359	OUT OF MEMORY	388.714187135	TIMEOUT	960.128598316	true	32.220824195
beem/leader_election.2.prop1-back-serstep.yml	true	OUT OF MEMORY	46.049336099	OUT OF MEMORY	52.727484834	TIMEOUT	900.170928886	TIMEOUT	900.167789968	TIMEOUT	960.118253485	TIMEOUT	960.127601388	TIMEOUT	900.151673552	TIMEOUT	960.237325617	TIMEOUT	960.134147911	TIMEOUT	960.235408159
wolf-2019C/qspiflash_qflexpress_divfive-p048.yml	true	TIMEOUT	960.375992493	TIMEOUT	960.385859811	true	0.346522701	true	0.985962701	true	0.270926797	true	0.164239878	TIMEOUT	901.847647691	OUT OF MEMORY	801.558475768	TIMEOUT	960.156223953	true	26.741806609
beem/cambridge.2.prop2-back-serstep.yml	true	TIMEOUT	960.441820154	TIMEOUT	960.376669579	TIMEOUT	900.100671357	TIMEOUT	900.002042132	TIMEOUT	960.128922653	TIMEOUT	960.121886449	TIMEOUT	900.105966195	TIMEOUT	960.170662699	TIMEOUT	960.133371203	TIMEOUT	960.189093855
beem/elevator.2.prop1-back-serstep.yml	true	TIMEOUT	960.260434687	TIMEOUT	960.251025923	TIMEOUT	900.170434076	true	0.205200342	true	0.096530346	true	0.561445435	TIMEOUT	900.200881693	TIMEOUT	960.767636547	TIMEOUT	960.404616172	TIMEOUT	960.632226678
beem/hanoi.4.prop1-func-interl.yml	true	TIMEOUT	960.25627387	TIMEOUT	960.274459352	TIMEOUT	900.144195768	TIMEOUT	900.408601436	TIMEOUT	960.119281573	TIMEOUT	960.196343734	TIMEOUT	900.058842378	TIMEOUT	960.175693818	TIMEOUT	960.133036155	TIMEOUT	960.172886239
wolf-2019C/qspiflash_dualflexpress_divthree-p124.yml	true	TIMEOUT	960.461635708	TIMEOUT	960.393985987	ERROR	899.734669268	true	5.079611428	true	15.822935754	true	16.618305213	TIMEOUT	901.438111096	OUT OF MEMORY	828.659230701	TIMEOUT	960.198267199	TIMEOUT	960.706339487
goel-opensource/vis_arrays_vsaR_p12.yml	true	true	0.991327646	TIMEOUT	960.237032493	true	0.0998205	true	0.21177072	true	0.069434108	true	0.064150745	ERROR	135.43400549	OUT OF MEMORY	487.589359918	TIMEOUT	960.124003881	true	2.876494717
beem/iprotocol.4.prop1-back-serstep.yml	false	false(unreach-call)	13.58403675	false(unreach-call)	13.310797461	false	0.13403841	false	0.795370401	false	0.07399893	false	0.128856651	false	0.170606683	false(unreach-call)	4.155746655	false	0.154262569	false(unreach-call)	5.108897392
goel-industry/cal30.yml	true	OUT OF MEMORY	48.14985182	OUT OF MEMORY	60.413737568	true	0.424421588	true	0.396313466	true	0.064382137	true	0.08181761	OUT OF MEMORY	516.844202483	OUT OF MEMORY	454.655429457	TIMEOUT	960.12472461	true	38.353109563
goel-industry/cal48.yml	true	OUT OF MEMORY	48.644467389	OUT OF MEMORY	46.264572962	true	0.339258754	true	0.346584622	true	0.06213973	true	0.073710617	OUT OF MEMORY	339.361990958	OUT OF MEMORY	380.579725179	TIMEOUT	960.122554033	true	30.425972166
goel-industry/cal132.yml	true	OUT OF MEMORY	42.111879288	OUT OF MEMORY	45.615248556	ERROR	899.864874637	true	35.520213861	true	35.351084019	TIMEOUT	960.133794623	TIMEOUT	900.331293258	TIMEOUT	960.187310247	TIMEOUT	960.133269979	TIMEOUT	960.200940846
fuzzbtor2/bv_debug_4.yml	true	true	0.19142	true	0.257654849	ERROR	0.079124927	true	0.079081131	true	0.052876765	ERROR	0.046549599	ERROR	0.078963894	OUT OF MEMORY	550.447284407	ABORTED	0.040134407	true	0.358997657
goel-industry/cal35.yml	true	TIMEOUT	960.387456045	TIMEOUT	960.31697248	TIMEOUT	900.208892638	true	2.643315416	true	0.195212284	true	3.58761239	TIMEOUT	901.729709489	TIMEOUT	960.355459532	TIMEOUT	960.172185381	TIMEOUT	960.342400704
beem/firewire_tree.5.prop2-back-serstep.yml	true	OUT OF MEMORY	49.538238574	OUT OF MEMORY	46.931648985	TIMEOUT	902.566256755	TIMEOUT	902.764481593	TIMEOUT	960.131500393	true	46.371778421	TIMEOUT	904.08269587	OUT OF MEMORY	805.159186104	TIMEOUT	960.327621556	TIMEOUT	960.528827287
beem/brp2.2.prop1-back-serstep.yml	false	TIMEOUT	960.257815239	false(unreach-call)	745.956158615	TIMEOUT	900.029865653	TIMEOUT	900.186944211	false	234.696967208	TIMEOUT	960.127002066	ERROR	899.566374093	TIMEOUT	960.32881789	TIMEOUT	960.116135102	TIMEOUT	960.338256897
goel-industry/cal133.yml	true	OUT OF MEMORY	45.251284157	OUT OF MEMORY	47.48714725	TIMEOUT	900.366959295	true	29.943363039	true	42.415180693	TIMEOUT	960.134235253	TIMEOUT	900.587925689	TIMEOUT	960.203649611	TIMEOUT	960.129342522	TIMEOUT	960.198115667
goel-industry/cal21.yml	true	TIMEOUT	960.1775504	TIMEOUT	960.174837701	TIMEOUT	900.075787235	true	0.136693117	true	0.069402686	TIMEOUT	960.13596401	TIMEOUT	900.105367434	TIMEOUT	960.19271053	TIMEOUT	960.129105044	TIMEOUT	960.215093674
beem/pgm_protocol.7.prop2-back-serstep.yml	true	OUT OF MEMORY	51.391445583	OUT OF MEMORY	51.062702099	TIMEOUT	900.282618874	TIMEOUT	900.276442411	TIMEOUT	960.126162918	TIMEOUT	960.140051226	ERROR	899.732801853	TIMEOUT	960.315012012	TIMEOUT	960.137856819	TIMEOUT	960.296559497
goel-industry/cal201.yml	true	OUT OF MEMORY	52.181330501	OUT OF MEMORY	42.157372711	TIMEOUT	900.582012548	true	46.374565561	TIMEOUT	960.122995205	TIMEOUT	960.160388646	TIMEOUT	900.558155666	TIMEOUT	960.190647829	TIMEOUT	960.110636435	TIMEOUT	960.1977681
wolf-2019C/dspfilters_fastfir_second-p14.yml	true	OUT OF MEMORY	39.472637694	OUT OF MEMORY	40.36548769	TIMEOUT	900.231642237	TIMEOUT	900.584871817	TIMEOUT	960.126857694	TIMEOUT	960.124271552	TIMEOUT	900.328964778	TIMEOUT	960.31382207	TIMEOUT	960.128496825	true	328.22256368
wolf-2019A/picorv32_mutAX_nomem-p0.yml	false	OUT OF MEMORY	43.840791148	OUT OF MEMORY	50.318250663	TIMEOUT	900.412964204	TIMEOUT	900.441415754	TIMEOUT	960.122213892	TIMEOUT	960.139915471	ERROR	899.93844042	TIMEOUT	960.298725572	TIMEOUT	960.135924908	TIMEOUT	960.265196431
goel-industry/cal207.yml	true	OUT OF MEMORY	45.754657781	OUT OF MEMORY	53.792900476	TIMEOUT	900.608291147	true	53.780370234	TIMEOUT	960.128242033	TIMEOUT	960.155052603	TIMEOUT	900.703081892	TIMEOUT	960.204961231	TIMEOUT	960.114985442	TIMEOUT	960.196124716
goel-industry/cal213.yml	true	OUT OF MEMORY	43.929192252	OUT OF MEMORY	53.901372925	TIMEOUT	900.559228621	TIMEOUT	900.562731538	TIMEOUT	960.122473097	TIMEOUT	960.162261686	TIMEOUT	900.0881572	TIMEOUT	960.295929413	TIMEOUT	960.136962071	TIMEOUT	960.291619109
goel-crafted/sw_ball2004_1.yml	true	TIMEOUT	960.217088641	TIMEOUT	960.221902022	true	0.095636992	true	0.113031063	true	0.060229655	true	0.06472131	ERROR	1.253157734	TIMEOUT	960.456654385	TIMEOUT	960.124101594	true	0.81149205
beem/iprotocol.2.prop1-back-serstep.yml	false	false(unreach-call)	9.831546806	false(unreach-call)	10.652840362	false	0.126806616	false	0.676911701	false	0.068198022	false	0.109285241	false	0.156897081	false(unreach-call)	4.133389442	false	0.105502196	false(unreach-call)	4.72623875
beem/hanoi.3.prop1-func-interl.yml	false	TIMEOUT	960.22871225	TIMEOUT	960.250500545	TIMEOUT	900.096609692	TIMEOUT	900.456826565	TIMEOUT	960.123045778	TIMEOUT	960.14435866	ERROR	899.465648135	TIMEOUT	960.304859706	TIMEOUT	960.125332254	TIMEOUT	960.321396677
goel-opensource/h_TicTacToe.yml	true	true	31.071620083	TIMEOUT	960.54803247	true	0.096451354	true	0.106102773	true	0.077542881	true	0.100393746	ERROR	154.314017417	OUT OF MEMORY	459.040256624	TIMEOUT	960.416194567	true	17.132990046
wolf-2019C/qspiflash_dualflexpress_divfive-p136.yml	true	TIMEOUT	960.408791702	TIMEOUT	960.392708392	TIMEOUT	900.315854244	true	9.645449668	true	8.596868508	true	28.153375281	TIMEOUT	901.769821743	TIMEOUT	900.074177142	TIMEOUT	960.19676344	TIMEOUT	960.625710136
beem/plc.3.prop2-back-serstep.yml	true	OUT OF MEMORY	41.18365717	OUT OF MEMORY	41.423342503	TIMEOUT	900.448022496	TIMEOUT	900.232308051	TIMEOUT	960.141354309	TIMEOUT	960.145278541	TIMEOUT	900.625589969	OUT OF MEMORY	580.113620092	TIMEOUT	960.157632221	TIMEOUT	901.055618262
goel-opensource/swap_three.yml	true	TIMEOUT	960.271935761	TIMEOUT	960.241298881	true	0.086521286	true	0.086902445	true	0.061988146	TIMEOUT	960.118052089	ERROR	0.348841335	OUT OF MEMORY	345.896640697	OUT OF MEMORY	30.77504507	true	0.475626376
beem/gear.1.prop2-back-serstep.yml	false	false(unreach-call)	29.693372166	false(unreach-call)	22.9748642	false	0.282974175	false	23.126553337	false	0.095129976	false	0.232408109	false	0.574395412	false(unreach-call)	11.679474429	false	0.260954455	false(unreach-call)	17.014887109
beem/lamport_nonatomic.2.prop1-func-interl.yml	true	TIMEOUT	960.584127944	TIMEOUT	960.573172933	TIMEOUT	900.142516341	true	135.895079059	true	1.220909096	TIMEOUT	960.12832257	TIMEOUT	900.234847179	TIMEOUT	960.464999293	TIMEOUT	960.12945128	TIMEOUT	960.450690201
beem/lann.8.prop1-back-serstep.yml	false	false(unreach-call)	17.642600634	false(unreach-call)	15.111500573	false	0.442531439	TIMEOUT	900.216657605	false	0.944766148	false	2.659460119	false	0.963500321	false(unreach-call)	9.598424712	false	0.442183989	false(unreach-call)	12.982436994
beem/pgm_protocol.2.prop5-func-interl.yml	true	OUT OF MEMORY	47.902965269	OUT OF MEMORY	47.812335645	TIMEOUT	900.388508319	TIMEOUT	900.507953447	TIMEOUT	960.136518575	TIMEOUT	960.167736431	TIMEOUT	900.429639715	TIMEOUT	960.730817229	TIMEOUT	960.140528322	TIMEOUT	960.831924052
beem/blocks.2.prop1-func-interl.yml	true	TIMEOUT	960.163480163	TIMEOUT	960.164343464	TIMEOUT	900.094935784	TIMEOUT	900.320540775	TIMEOUT	960.129547211	TIMEOUT	960.143606188	TIMEOUT	900.003400256	TIMEOUT	960.274035341	TIMEOUT	960.125752287	TIMEOUT	960.267437164
beem/lup.4.prop1-func-interl.yml	true	true	30.78750921	TIMEOUT	960.487356651	true	0.17026205	true	0.25625122	true	0.060504394	true	0.065648327	TIMEOUT	900.67398772	OUT OF MEMORY	519.415728802	TIMEOUT	960.281860821	true	16.644175103
beem/pgm_protocol.6.prop2-back-serstep.yml	true	OUT OF MEMORY	49.478023339	OUT OF MEMORY	43.096245824	TIMEOUT	900.237006727	TIMEOUT	900.303227082	TIMEOUT	960.119279991	TIMEOUT	960.133973859	TIMEOUT	900.18253424	TIMEOUT	960.344497564	TIMEOUT	960.134240412	TIMEOUT	960.31758296
wolf-2019C/qspiflash_dualflexpress_divfive-p120.yml	true	TIMEOUT	960.381075579	TIMEOUT	960.425741915	true	165.897461701	true	12.539755488	true	1.643582482	TIMEOUT	960.12748182	TIMEOUT	900.462397468	OUT OF MEMORY	893.007946579	TIMEOUT	960.179538334	true	574.744304046
beem/pgm_protocol.6.prop5-back-serstep.yml	false	OUT OF MEMORY	50.612335548	OUT OF MEMORY	50.777968022	TIMEOUT	900.279578693	TIMEOUT	900.30550392	false	58.085682043	TIMEOUT	960.146126755	TIMEOUT	900.350768103	TIMEOUT	960.290351307	TIMEOUT	960.12990236	TIMEOUT	960.29861169
wolf-2019C/qspiflash_dualflexpress_divfive-p143.yml	true	true	18.230393796	TIMEOUT	960.392325346	true	0.182488266	true	0.811909058	true	0.067310274	true	0.072044003	TIMEOUT	901.918730017	OUT OF MEMORY	451.707523646	TIMEOUT	960.523695308	true	14.867249462
beem/peterson.7.prop1-back-serstep.yml	true	TIMEOUT	960.232928164	TIMEOUT	960.235615101	TIMEOUT	900.1175672	ERROR	899.618911342	TIMEOUT	960.122954214	TIMEOUT	960.132424527	TIMEOUT	900.252493809	TIMEOUT	960.142164639	TIMEOUT	960.114207372	TIMEOUT	960.13951016
wolf-2019A/picorv32_mutCY_nomem-p3.yml	false	OUT OF MEMORY	49.42456826	OUT OF MEMORY	43.40923566	TIMEOUT	900.418340657	TIMEOUT	900.537624751	TIMEOUT	960.145409291	TIMEOUT	960.146181958	TIMEOUT	900.015721919	TIMEOUT	960.237075174	TIMEOUT	960.136986135	TIMEOUT	960.240809215
goel-industry/cal38.yml	true	TIMEOUT	960.383620495	TIMEOUT	960.314578622	TIMEOUT	900.051103153	true	3.707236259	true	0.201572991	true	31.745059329	TIMEOUT	901.833867606	TIMEOUT	960.357923253	TIMEOUT	960.174019966	TIMEOUT	960.38053395
v2c-hwmcc15/safe_hwmcc15_6s122_6s122.yml	false	OUT OF MEMORY	49.763280743	OUT OF MEMORY	51.344531407	TIMEOUT	900.768091813	TIMEOUT	900.648107467	TIMEOUT	960.129709367	TIMEOUT	960.142834148	TIMEOUT	901.454380178	OUT OF MEMORY	646.433143197	TIMEOUT	960.136326985	OUT OF MEMORY	880.005084512
beem/peg_solitaire.1.prop1-back-serstep.yml	false	false(unreach-call)	15.215828885	false(unreach-call)	16.301983333	false	1.532398883	ERROR	899.558076105	false	1.377109116	false	16.66339217	false	1.375481201	false(unreach-call)	4.439532714	false	1.289429498	false(unreach-call)	4.89562219
wolf-2019C/qspiflash_qflexpress_divfive-p067.yml	true	TIMEOUT	960.346872508	TIMEOUT	960.329352991	TIMEOUT	900.256686925	true	361.363109704	true	25.748719066	TIMEOUT	960.129566941	TIMEOUT	901.530462102	TIMEOUT	960.551463471	TIMEOUT	960.138135714	TIMEOUT	960.544991669
fuzzbtor2/bv_debug_91.yml	false	false(unreach-call)	0.227843727	false(unreach-call)	0.196429456	false	0.093641657	false	0.097873719					false	0.085331472	false(unreach-call)	0.153296449			false(unreach-call)	0.155617977
beem/lamport_nonatomic.5.prop1-func-interl.yml	true	OUT OF MEMORY	48.978707637	OUT OF MEMORY	39.282736599	TIMEOUT	900.392292517	TIMEOUT	900.518163882	true	19.616947309	TIMEOUT	960.133894624	TIMEOUT	900.521546423	TIMEOUT	960.385892167	TIMEOUT	960.124936938	TIMEOUT	960.293955637
beem/needham.1.prop4-func-interl.yml	false	false(unreach-call)	11.889265347	false(unreach-call)	15.800641461	false	1.094445028	false	0.574819296	false	1.165386691	false	0.424161728	false	0.372800024	false(unreach-call)	8.444620603	false	0.565584257	false(unreach-call)	11.843612556
wolf-2019C/qspiflash_dualflexpress_divthree-p113.yml	true	TIMEOUT	960.449132042	TIMEOUT	960.4026336	TIMEOUT	900.185768548	true	266.475073186	true	139.057399253	TIMEOUT	960.131132313	TIMEOUT	901.404648247	TIMEOUT	960.689464494	TIMEOUT	960.136030125	TIMEOUT	960.599527689
goel-opensource/h_b06.yml	true	true	0.25567843	TIMEOUT	960.249921792	true	0.079144072	true	0.091337435	true	0.053995839	true	0.05200105	ERROR	2.178679798	TIMEOUT	960.148592398	OUT OF MEMORY	26.888487571	true	0.502450711
mann-data-integrity/shift_register_top_w64_d64_e0.yml	false	TIMEOUT	960.238798589	TIMEOUT	960.267148529	TIMEOUT	900.098510382	TIMEOUT	900.450550022	TIMEOUT	960.141832991	TIMEOUT	960.134298015	TIMEOUT	900.006009644	TIMEOUT	960.149833008	TIMEOUT	960.125645813	TIMEOUT	960.153832044
mann-data-integrity/arbitrated_top_n3_w8_d32_e0.yml	false	TIMEOUT	960.295435282	false(unreach-call)	632.516152216	TIMEOUT	900.087322307	TIMEOUT	900.664511895	TIMEOUT	960.13418112	TIMEOUT	960.212662437	false	617.684140203	false(unreach-call)	413.861607987	TIMEOUT	960.125476769	false(unreach-call)	432.987574679
wolf-2019C/qspiflash_qflexpress_divfive-p122.yml	true	TIMEOUT	960.347251751	TIMEOUT	960.370293822	true	0.356806906	true	1.096157242	true	0.141908411	true	0.192462648	TIMEOUT	901.242857067	OUT OF MEMORY	863.407575051	TIMEOUT	960.251449301	true	26.785631051
beem/lamport_nonatomic.3.prop1-back-serstep.yml	false	false(unreach-call)	47.767233546	false(unreach-call)	47.448225691	false	0.24374222	false	4.188732919	false	0.10667752	false	0.159478704	false	0.53179733	false(unreach-call)	19.62275331	false	0.223546449	false(unreach-call)	26.841271108
beem/lamport.6.prop1-back-serstep.yml	false	false(unreach-call)	22.946192548	false(unreach-call)	19.163626186	false	0.915076953	TIMEOUT	900.478417641	false	22.7157402	false	5.595605973	false	1.425892525	false(unreach-call)	9.292887899	false	1.095964372	false(unreach-call)	12.851070751
v2c-hwmcc15/safe_hwmcc15_6s173_6s173.yml	true	OUT OF MEMORY	42.207032417	OUT OF MEMORY	39.155160312	TIMEOUT	900.201387066	true	795.941556296	true	46.649877728	TIMEOUT	960.132614675	TIMEOUT	900.201870081	TIMEOUT	960.240486294	TIMEOUT	960.125834982	TIMEOUT	960.216391087
goel-industry/cal210.yml	true	OUT OF MEMORY	48.026887422	OUT OF MEMORY	48.032829052	TIMEOUT	900.645065863	true	63.343977805	TIMEOUT	960.129076875	TIMEOUT	960.155389811	TIMEOUT	900.619371504	TIMEOUT	960.198343472	TIMEOUT	960.128292651	TIMEOUT	960.181819948
beem/anderson.1.prop1-back-serstep.yml	false	false(unreach-call)	1.783357195	false(unreach-call)	1.677309463	false	0.095859943	false	3.631830388	false	0.076542769	false	0.084618209	false	0.104540539	false(unreach-call)	1.367457109	false	0.06040081	false(unreach-call)	1.602090061
beem/driving_phils.3.prop1-func-interl.yml	false	false(unreach-call)	12.312180015	false(unreach-call)	11.379521969	false	0.109465066	false	0.110443342	false	0.058331772	false	0.059050664	false	0.11175058	false(unreach-call)	0.971934098	false	0.045645814	false(unreach-call)	1.178540974
beem/frogs.4.prop1-back-serstep.yml	false	TIMEOUT	960.813235778	TIMEOUT	960.736241476	TIMEOUT	900.138506258	TIMEOUT	900.104328175	false	163.229733483	TIMEOUT	960.136647947	TIMEOUT	900.021151081	TIMEOUT	960.140657376	TIMEOUT	960.137845638	TIMEOUT	960.168292799
goel-industry/cal57.yml	true	true	0.223529695	TIMEOUT	960.241887374	true	0.083880896	true	0.081493833	true	0.055647774	true	0.054011752	ERROR	2.500697217	TIMEOUT	960.324319279	OUT OF MEMORY	85.509420622	true	0.593906368
fuzzbtor2/bv_debug_97.yml	true	true	0.192241681	true	0.189650578	ERROR	0.083293032	true	0.093792047					ERROR	0.36164964	true	0.928198864			true	0.328740975
goel-industry/cal193.yml	true	OUT OF MEMORY	53.116695853	OUT OF MEMORY	49.155523594	TIMEOUT	900.614434807	true	62.707439999	TIMEOUT	960.129365884	TIMEOUT	960.144699954	TIMEOUT	900.572486993	TIMEOUT	960.19485597	TIMEOUT	960.125071903	TIMEOUT	960.20593528
beem/cambridge.6.prop1-back-serstep.yml	false	OUT OF MEMORY	50.697645556	OUT OF MEMORY	49.848209299	false	22.600592299	false	761.901391251	false	7.964006361	false	3.320941865	false	25.520887457	false(unreach-call)	32.673614482	false	1.943126129	false(unreach-call)	42.400522282
goel-industry/cal177.yml	true	OUT OF MEMORY	47.277554824	OUT OF MEMORY	42.252187076	true	1.060526156	true	0.914346951	true	0.495805804	true	1.066043414	OUT OF MEMORY	326.862572796	OUT OF MEMORY	769.951279235	OUT OF MEMORY	19.594301922	true	98.725829609
fuzzbtor2/bv_debug_83.yml	false	false(unreach-call)	0.219917443	false(unreach-call)	0.241492634	ERROR	0.075352669	ERROR	0.075369257					ERROR	0.07662494	false(unreach-call)	0.152684679			false(unreach-call)	0.185856828
fuzzbtor2/bv_debug_27.yml	false	false(unreach-call)	0.477880988	false(unreach-call)	0.526239184	false	0.095551182	false	0.098185643					false	0.079897571	false(unreach-call)	0.199914455			false(unreach-call)	0.197501505
beem/cambridge.6.prop1-func-interl.yml	false	false(unreach-call)	97.226176264	false(unreach-call)	83.094925057	false	6.764952315	false	172.597106358	false	407.114079263	false	11.304724636	false	4.149595979	false(unreach-call)	36.416673356	false	0.813400772	false(unreach-call)	55.520488656
mann-data-integrity/circular_pointer_top_w8_d32_e0.yml	false	TIMEOUT	960.151503551	TIMEOUT	960.158738203	TIMEOUT	900.126050756	TIMEOUT	900.64487328	TIMEOUT	960.138396791	TIMEOUT	960.131183358	false	776.808845521	TIMEOUT	960.156804927	TIMEOUT	960.134139014	TIMEOUT	960.145994396
wolf-2019C/vgasim_imgfifo-p070.yml	true	TIMEOUT	960.226319415	TIMEOUT	960.22306592	true	0.714747163	TIMEOUT	900.712853532	true	14.05654372	true	109.422522183	TIMEOUT	900.166631768	TIMEOUT	960.311145323	TIMEOUT	960.16206361	true	19.4437087
beem/firewire_tree.3.prop2-back-serstep.yml	true	OUT OF MEMORY	47.535976391	OUT OF MEMORY	42.702913432	TIMEOUT	900.739470296	TIMEOUT	900.544623006	TIMEOUT	960.122054066	true	2.015876258	TIMEOUT	901.67920271	OUT OF MEMORY	854.91284121	TIMEOUT	960.227434305	TIMEOUT	960.557021103
goel-industry/cal67.yml	true	OUT OF MEMORY	53.553276621	OUT OF MEMORY	47.69016405	TIMEOUT	901.797394681	true	0.335505174	true	0.073285222	true	0.151236592	OUT OF MEMORY	369.217737903	OUT OF MEMORY	437.222491005	TIMEOUT	960.120151517	OUT OF MEMORY	549.801930166
beem/mcs.2.prop1-func-interl.yml	true	TIMEOUT	960.198228282	TIMEOUT	960.180370087	TIMEOUT	900.146356415	true	14.578658071	true	0.284362742	true	85.138909665	TIMEOUT	900.125244707	TIMEOUT	960.251475087	TIMEOUT	960.133859091	TIMEOUT	960.254798887
beem/lamport_nonatomic.1.prop1-func-interl.yml	true	TIMEOUT	960.536631319	TIMEOUT	960.632034539	TIMEOUT	900.154342455	true	153.399629396	true	1.601921358	TIMEOUT	960.136162131	TIMEOUT	900.316141801	TIMEOUT	960.440428682	TIMEOUT	960.128209646	TIMEOUT	960.472395514
beem/iprotocol.6.prop1-func-interl.yml	false	false(unreach-call)	11.697308274	false(unreach-call)	11.082150868	false	0.225312502	false	1.105011596	false	0.101138199	false	0.178339178	false	0.218402583	false(unreach-call)	3.346161565	false	0.07722969	false(unreach-call)	4.299833987
goel-crafted/sw_state_machine.yml	true	TIMEOUT	960.213718463	TIMEOUT	960.202234228	true	0.098137587	true	0.325195258	true	0.065809676	true	0.301214842	ERROR	132.584764416	TIMEOUT	960.597580412	TIMEOUT	960.388077753	true	3.777898672
beem/train-gate.5.prop1-back-serstep.yml	false	false(unreach-call)	530.348076533	false(unreach-call)	240.603105844	ERROR	899.654667244	TIMEOUT	900.264879362	false	1.421927306	TIMEOUT	960.129354197	false	611.895879721	false(unreach-call)	378.258544952	false	224.356496704	false(unreach-call)	488.71702875
beem/rushhour.4.prop1-back-serstep.yml	true	OUT OF MEMORY	56.921268355	OUT OF MEMORY	43.662700796	ERROR	899.767525652	TIMEOUT	900.499656191	TIMEOUT	960.13072329	true	375.705239876	TIMEOUT	900.715014437	TIMEOUT	960.533021706	TIMEOUT	960.173434909	TIMEOUT	960.211182315
wolf-2019C/dspfilters_fastfir_second-p21.yml	true	OUT OF MEMORY	48.164205179	OUT OF MEMORY	40.029152084	true	0.509423126	true	123.522170881	true	27.599917121	true	1.106512903	ERROR	871.469465583	TIMEOUT	960.913415717	TIMEOUT	960.621235891	true	46.751651422
goel-industry/cal149.yml	true	OUT OF MEMORY	49.996810128	OUT OF MEMORY	49.802794794	TIMEOUT	900.517234157	true	29.193365514	true	17.951667448	TIMEOUT	960.142002897	TIMEOUT	900.08830734	TIMEOUT	960.190042079	TIMEOUT	960.130685599	TIMEOUT	960.217656486
wolf-2019A/picorv32_mutBY_nomem-p6.yml	false	OUT OF MEMORY	39.784757283	OUT OF MEMORY	39.945811904	TIMEOUT	900.451425506	TIMEOUT	900.528328341	TIMEOUT	960.123590736	TIMEOUT	960.148424583	TIMEOUT	900.420634138	TIMEOUT	960.240671504	TIMEOUT	960.138369077	TIMEOUT	960.240810245
beem/pgm_protocol.3.prop2-func-interl.yml	true	OUT OF MEMORY	41.640166416	OUT OF MEMORY	45.738002042	TIMEOUT	900.303042883	TIMEOUT	900.49976498	TIMEOUT	960.13140786	TIMEOUT	960.137589815	TIMEOUT	900.061534333	TIMEOUT	960.715808361	TIMEOUT	960.150023015	TIMEOUT	960.834330414
fuzzbtor2/bv_debug_13.yml	true	true	0.196048465	true	0.205594615	ERROR	7.494197879	true	0.091592074	true	0.069615785	true	0.052442503	ERROR	0.399334333	true	1.082097914	OUT OF MEMORY	67.604451868	OUT OF MEMORY	692.311231662
beem/adding.2.prop1-func-interl.yml	false	false(unreach-call)	21.817762597	false(unreach-call)	11.158785557	false	8.62464421	TIMEOUT	900.467807503	false	0.326032042	false	32.446107136	false	8.639276681	false(unreach-call)	4.817119277	false	5.080334265	false(unreach-call)	7.717604115
wolf-2019C/qspiflash_dualflexpress_divthree-p012.yml	true	TIMEOUT	960.397741717	TIMEOUT	960.409170423	TIMEOUT	900.200238901	TIMEOUT	900.670130232	true	47.393600624	TIMEOUT	960.154875642	TIMEOUT	900.24176844	TIMEOUT	960.419214923	TIMEOUT	960.121195786	TIMEOUT	960.398633214
beem/peg_solitaire.5.prop1-func-interl.yml	false	false(unreach-call)	121.028736443	false(unreach-call)	81.804113384	false	14.827895022	TIMEOUT	900.18423547	TIMEOUT	960.124384742	false	4.403160703	false	10.808522061	false(unreach-call)	35.744229245	false	1.922820881	false(unreach-call)	53.823429732
beem/lamport.7.prop1-func-interl.yml	true	TIMEOUT	960.277626387	TIMEOUT	960.301080305	TIMEOUT	900.104683947	TIMEOUT	900.698426269	true	15.878007549	TIMEOUT	960.143164949	ERROR	899.958372092	TIMEOUT	960.178421747	TIMEOUT	960.131333533	TIMEOUT	960.173555743
beem/adding.3.prop1-func-interl.yml	false	false(unreach-call)	24.552225962	false(unreach-call)	18.017687592	false	16.803050403	ERROR	899.878056814	false	0.293303543	false	71.924765759	false	9.944208194	false(unreach-call)	4.842840826	false	4.068670361	false(unreach-call)	7.674292852
goel-industry/cal170.yml	true	OUT OF MEMORY	51.806024113	OUT OF MEMORY	42.410631138	TIMEOUT	901.319978839	true	0.356642638	true	0.076038194	true	6.295671187	OUT OF MEMORY	388.960694838	OUT OF MEMORY	455.731412328	TIMEOUT	960.174238491	OUT OF MEMORY	631.220412783
goel-opensource/vcegar_QF_BV_itc99_b13_p14.yml	true	true	0.36245482	TIMEOUT	960.186022455	true	0.101593217	true	0.092922278	true	0.076683659	true	0.053531586	ERROR	1.354869746	OUT OF MEMORY	851.907025868	OUT OF MEMORY	13.92166941	true	0.950411549
btor2tools-examples/noninitstate.yml	false	false(unreach-call)	0.189823511	false(unreach-call)	0.19324519	false	0.081491585	false	0.079004514	false	0.050267208	false	0.069334101	false	0.099516153	false(unreach-call)	0.162470885	false	0.046976248	false(unreach-call)	0.141097082
beem/at.6.prop1-func-interl.yml	false	false(unreach-call)	71.379451133	false(unreach-call)	58.264731499	false	15.609018277	false	862.409443302	false	4.674240544	false	275.976666985	false	16.817518634	false(unreach-call)	43.556708012	false	6.004331493	false(unreach-call)	60.58863418
beem/pgm_protocol.8.prop2-back-serstep.yml	true	OUT OF MEMORY	41.186903762	OUT OF MEMORY	48.566190523	ERROR	899.732517632	TIMEOUT	900.216378502	TIMEOUT	960.132192879	TIMEOUT	960.143693895	TIMEOUT	900.405882646	TIMEOUT	960.35047833	TIMEOUT	960.141095612	TIMEOUT	960.338402738
beem/fischer.2.prop1-back-serstep.yml	false	false(unreach-call)	7.464253135	false(unreach-call)	5.979454515	false	0.226671136	false	7.829481178	false	0.08839904	false	0.371692217	false	0.304708238	false(unreach-call)	4.371633503	false	0.122848914	false(unreach-call)	5.665021425
beem/cambridge.5.prop2-back-serstep.yml	true	TIMEOUT	960.922807244	TIMEOUT	960.717014664	TIMEOUT	900.136477409	TIMEOUT	900.128902789	TIMEOUT	960.123010566	TIMEOUT	960.126167746	ERROR	899.665447085	TIMEOUT	960.197298262	TIMEOUT	960.135513131	TIMEOUT	960.206975242
goel-opensource/Heap.yml	true	TIMEOUT	960.271696596	TIMEOUT	960.244877488	TIMEOUT	900.098515277	true	78.114343865	true	1.549420009	TIMEOUT	960.135028379	TIMEOUT	900.220035021	TIMEOUT	960.27511093	TIMEOUT	960.143509985	TIMEOUT	960.3028391
fuzzbtor2/bv_debug_71.yml	true	true	0.21418894	true	0.229735681	ERROR	0.097423425	ERROR	0.096474689	true	0.054444575	ERROR	0.039568864	ERROR	0.078531083	OUT OF MEMORY	445.826375609	ABORTED	0.039721318	true	0.29490501
goel-industry/cal31.yml	true	OUT OF MEMORY	41.548169644	OUT OF MEMORY	50.280559885	true	0.338972078	true	0.346584732	true	0.05995845	true	0.066734435	OUT OF MEMORY	302.484239282	OUT OF MEMORY	372.848340429	OUT OF MEMORY	90.436539751	true	33.629335708
goel-industry/cal79.yml	true	OUT OF MEMORY	52.20175405	OUT OF MEMORY	40.63359035	TIMEOUT	901.455777436	true	0.316487674	true	0.071794051	true	0.300034347	OUT OF MEMORY	377.018311467	OUT OF MEMORY	395.436010852	OUT OF MEMORY	31.213665856	OUT OF MEMORY	553.540543896
wolf-2019A/picorv32_mutAY_nomem-p1.yml	false	OUT OF MEMORY	51.341577731	OUT OF MEMORY	53.666529381	TIMEOUT	900.591134828	TIMEOUT	900.490822494	TIMEOUT	960.13384225	TIMEOUT	960.137859303	TIMEOUT	900.461152743	TIMEOUT	960.228463238	TIMEOUT	960.138160019	TIMEOUT	960.23667876
mann-data-integrity/shift_register_top_w8_d32_e0.yml	false	TIMEOUT	960.157007286	TIMEOUT	960.156336436	TIMEOUT	900.070646136	TIMEOUT	900.488786855	false	20.200602248	TIMEOUT	960.136621284	TIMEOUT	900.094805586	TIMEOUT	960.154548438	TIMEOUT	960.126726406	TIMEOUT	960.150620056
fuzzbtor2/bv_debug_37.yml	true	true	0.201824508	true	0.193583992	ERROR	0.078810563	true	0.105325318					ERROR	0.449166458	TIMEOUT	960.399209415			true	0.292279992
wolf-2019C/dspfilters_fastfir_second-p16.yml	true	OUT OF MEMORY	50.397240804	OUT OF MEMORY	44.018177278	true	2.051733574	TIMEOUT	900.954091555	true	116.551999507	true	34.467508284	TIMEOUT	901.228731422	TIMEOUT	960.871347017	TIMEOUT	960.496202586	true	95.944937152
beem/lifts.1.prop1-back-serstep.yml	true	TIMEOUT	960.851563172	TIMEOUT	960.830721457	TIMEOUT	900.12038477	TIMEOUT	900.17083235	true	437.67806951	TIMEOUT	960.133283259	TIMEOUT	900.28271747	TIMEOUT	960.26391592	TIMEOUT	960.129325241	TIMEOUT	960.261319282
beem/lamport.3.prop1-back-serstep.yml	false	false(unreach-call)	9.934080802	false(unreach-call)	6.721110761	false	0.190547144	false	6.279848235	false	0.208035879	false	0.179640328	false	0.231782415	false(unreach-call)	3.036615181	false	0.118339335	false(unreach-call)	4.174227619
beem/needham.3.prop1-back-serstep.yml	false	false(unreach-call)	44.860003228	false(unreach-call)	33.412748021	false	1.425576828	false	195.944938824	false	19.713081557	false	0.5850645	false	0.519723278	false(unreach-call)	7.766969101	false	1.061797591	false(unreach-call)	10.549334064
beem/lamport.6.prop1-func-interl.yml	false	false(unreach-call)	613.60577046	false(unreach-call)	138.178353703	ERROR	899.953169547	TIMEOUT	900.52891889	false	2.117195629	TIMEOUT	960.143036773	TIMEOUT	900.113306683	false(unreach-call)	82.950359815	false	524.630716201	false(unreach-call)	108.184401363
wolf-2018D/zipcpu-pfcache-p02.yml	true	TIMEOUT	960.313780677	TIMEOUT	960.383088064	true	27.867667833	true	2.376206628	true	0.412343697	true	1.123928048	TIMEOUT	900.745388698	OUT OF MEMORY	771.979048298	TIMEOUT	960.301889299	true	104.723716041
goel-crafted/paper_v3.yml	true	TIMEOUT	960.241509316	TIMEOUT	960.21246274	true	20.233084197	true	0.089822991	true	4.211743456	true	1.259282542	ERROR	0.375969612	OUT OF MEMORY	416.650339688	OUT OF MEMORY	36.659073033	true	17.511176989
beem/msmie.4.prop1-back-serstep.yml	true	OUT OF MEMORY	41.846004799	OUT OF MEMORY	49.132544	TIMEOUT	900.298154225	TIMEOUT	900.29730835	TIMEOUT	960.120434889	TIMEOUT	960.146399399	TIMEOUT	900.354557924	TIMEOUT	960.211471153	TIMEOUT	960.124281325	TIMEOUT	960.195968088
beem/plc.3.prop2-func-interl.yml	true	OUT OF MEMORY	50.031600637	OUT OF MEMORY	45.378438714	TIMEOUT	900.515115638	ERROR	899.833648016	TIMEOUT	960.132228347	TIMEOUT	960.153898162	TIMEOUT	900.785945131	OUT OF MEMORY	622.664714927	TIMEOUT	960.12462249	OUT OF MEMORY	693.737583862
mann-data-integrity/arbitrated_top_n5_w8_d16_e0.yml	false	false(unreach-call)	157.718925592	false(unreach-call)	79.746726204	false	63.217713916	TIMEOUT	900.004033215	false	154.019058327	TIMEOUT	960.125663265	false	7.771971533	false(unreach-call)	44.332340116	false	23.13665221	false(unreach-call)	59.238273149
fuzzbtor2/bv_debug_21.yml	true	true	0.27837948	TIMEOUT	960.210803725	ERROR	0.078517575	ERROR	0.081063461	true	0.069844722	ERROR	0.039663202	ERROR	0.089676184	OUT OF MEMORY	493.016095739	ABORTED	0.040477445	true	0.281625505
goel-opensource/vis_arrays_palu.yml	false	false(unreach-call)	0.460889396	false(unreach-call)	0.600784359	false	0.087493733	false	0.105613209	false	0.052509428	false	0.070889941	false	0.087779024	false(unreach-call)	0.642304783	false	0.040067411	false(unreach-call)	0.885660234
beem/protocols.4.prop1-back-serstep.yml	false	false(unreach-call)	3.433858211	false(unreach-call)	3.815108686	false	0.109459927	false	0.242061291	false	0.061571428	false	0.088326988	false	0.144038055	false(unreach-call)	1.987004369	false	0.072539479	false(unreach-call)	2.701403009
